"id","name","lat","lng","concat('https://sannongdata.cn/AiHouseTypeData',mpv.media_url)","create_time"
566698,童稚园(张国宇),"24.637693097692257","99.91148884246252",https://sannongdata.cn/AiHouseTypeData/poi_village_scenery/prod/picture/2025/202504/20250427/1f108386b3ec411bbac5c654184829b4.jpg,"2025-04-27 11:14:13"
566698,童稚园(张国宇),"24.637693097692257","99.91148884246252",https://sannongdata.cn/AiHouseTypeData/poi_village_scenery/prod/picture/2025/202504/20250427/d872091b5013422bbb9300d4f4c4ab63.jpg,"2025-04-27 11:17:01"
566698,童稚园(张国宇),"24.637693097692257","99.91148884246252",https://sannongdata.cn/AiHouseTypeData/poi_village_scenery/prod/picture/2025/202504/20250427/32cb6dd2c14243219f6b499132c9476c.jpg,"2025-04-27 11:17:02"
566698,童稚园(张国宇),"24.637693097692257","99.91148884246252",https://sannongdata.cn/AiHouseTypeData/poi_village_scenery/prod/picture/2025/202504/20250427/0955e3ead2b047efbfffa8b3793a9382.jpg,"2025-04-27 11:17:03"
566698,童稚园(张国宇),"24.637693097692257","99.91148884246252",https://sannongdata.cn/AiHouseTypeData/poi_village_scenery/prod/picture/2025/202504/20250427/20d8646f1d5a4e348e34f63f1652e66d.jpg,"2025-04-27 11:19:45"
566698,童稚园(张国宇),"24.637693097692257","99.91148884246252",https://sannongdata.cn/AiHouseTypeData/poi_village_scenery/prod/picture/2025/202504/20250427/9c5305ef4e0e48cab554e0771ad445d1.jpg,"2025-04-27 11:19:48"
566698,童稚园(张国宇),"24.637693097692257","99.91148884246252",https://sannongdata.cn/AiHouseTypeData/poi_village_scenery/prod/picture/2025/202504/20250427/9e1a174153c646b4875957f09a8a0a18.jpg,"2025-04-27 11:19:49"
566698,童稚园(张国宇),"24.637693097692257","99.91148884246252",https://sannongdata.cn/AiHouseTypeData/poi_village_scenery/prod/picture/2025/202504/20250427/79886dc8aadb4be8848160b1e696e86f.jpg,"2025-04-27 11:19:50"
566698,童稚园(张国宇),"24.637693097692257","99.91148884246252",https://sannongdata.cn/AiHouseTypeData/poi_village_scenery/prod/picture/2025/202504/20250427/9d0cdae05e714bc8bcf1eda76687dd9f.jpg,"2025-04-27 11:19:51"
566698,童稚园(张国宇),"24.637693097692257","99.91148884246252",https://sannongdata.cn/AiHouseTypeData/poi_village_scenery/prod/picture/2025/202504/20250427/f75ae0aad425468f8906f8fbc8bbb5fd.jpg,"2025-04-27 11:19:53"
566698,童稚园(张国宇),"24.637693097692257","99.91148884246252",https://sannongdata.cn/AiHouseTypeData/poi_village_scenery/prod/picture/2025/202504/20250427/f7f162b4797547489ddc24f619358fd8.jpg,"2025-04-27 11:21:56"
566698,童稚园(张国宇),"24.637693097692257","99.91148884246252",https://sannongdata.cn/AiHouseTypeData/poi_village_scenery/prod/picture/2025/202504/20250427/509606c86f4343219c0e3b9b8b1c17ec.jpg,"2025-04-27 11:21:57"
566698,童稚园(张国宇),"24.637693097692257","99.91148884246252",https://sannongdata.cn/AiHouseTypeData/poi_village_scenery/prod/picture/2025/202504/20250427/8a9694a6d2cd4a9caa7ca206631624ec.jpg,"2025-04-27 11:21:59"
566698,童稚园(张国宇),"24.637693097692257","99.91148884246252",https://sannongdata.cn/AiHouseTypeData/poi_village_scenery/prod/picture/2025/202504/20250427/b9d28ad61fb641baa9b280a496822961.jpg,"2025-04-27 11:22:00"
566698,童稚园(张国宇),"24.637693097692257","99.91148884246252",https://sannongdata.cn/AiHouseTypeData/poi_village_scenery/prod/picture/2025/202504/20250427/34740829c2064de3988ff752f852bdce.jpg,"2025-04-27 11:22:02"
566698,童稚园(张国宇),"24.637693097692257","99.91148884246252",https://sannongdata.cn/AiHouseTypeData/poi_village_scenery/prod/picture/2025/202504/20250427/6910df9a61454c2d9066b82f178f1d07.jpg,"2025-04-27 11:22:02"
566698,童稚园(张国宇),"24.637693097692257","99.91148884246252",https://sannongdata.cn/AiHouseTypeData/poi_village_scenery/prod/picture/2025/202504/20250427/520408dd4d5d454ea528b0986405de86.jpg,"2025-04-27 11:34:32"
566698,童稚园(张国宇),"24.637693097692257","99.91148884246252",https://sannongdata.cn/AiHouseTypeData/poi_village_scenery/prod/picture/2025/202504/20250427/7cb94f0842c941faac5f5bbc1c8eaff9.jpg,"2025-04-27 11:34:34"
566700,兄弟心连心(梅师然、梅军然),"24.655742311849508","99.89279123300669",https://sannongdata.cn/AiHouseTypeData/poi_village_scenery/prod/picture/2025/202504/20250427/4c950951ebaf48f9b5fd90596d3a819a.jpg,"2025-04-27 11:36:36"
566700,兄弟心连心(梅师然、梅军然),"24.655742311849508","99.89279123300669",https://sannongdata.cn/AiHouseTypeData/poi_village_scenery/prod/picture/2025/202504/20250427/a649d4dd84a74583b858174c769b8cd6.jpg,"2025-04-27 11:36:37"
566700,兄弟心连心(梅师然、梅军然),"24.655742311849508","99.89279123300669",https://sannongdata.cn/AiHouseTypeData/poi_village_scenery/prod/picture/2025/202504/20250427/fd549bd20ac34146a0999b2dcc4390c7.jpg,"2025-04-27 11:36:38"
566700,兄弟心连心(梅师然、梅军然),"24.655742311849508","99.89279123300669",https://sannongdata.cn/AiHouseTypeData/poi_village_scenery/prod/picture/2025/202504/20250427/de50ff78d4ae432c8c4850233873e09d.jpg,"2025-04-27 11:36:39"
566700,兄弟心连心(梅师然、梅军然),"24.655742311849508","99.89279123300669",https://sannongdata.cn/AiHouseTypeData/poi_village_scenery/prod/picture/2025/202504/20250427/4abafd856701483b9e464c5f9a1ce8fb.jpg,"2025-04-27 11:36:41"
566700,兄弟心连心(梅师然、梅军然),"24.655742311849508","99.89279123300669",https://sannongdata.cn/AiHouseTypeData/poi_village_scenery/prod/picture/2025/202504/20250427/7a2f05e8a36a41baac641db292213678.png,"2025-04-27 11:36:41"
566700,兄弟心连心(梅师然、梅军然),"24.655742311849508","99.89279123300669",https://sannongdata.cn/AiHouseTypeData/poi_village_scenery/prod/picture/2025/202504/20250427/56bd20a3456247779a27b5c02ee64455.jpg,"2025-04-27 11:36:43"
566700,兄弟心连心(梅师然、梅军然),"24.655742311849508","99.89279123300669",https://sannongdata.cn/AiHouseTypeData/poi_village_scenery/prod/picture/2025/202504/20250427/ad50d40874824ce1adeebbca2b4417cd.jpg,"2025-04-27 11:39:00"
566700,兄弟心连心(梅师然、梅军然),"24.655742311849508","99.89279123300669",https://sannongdata.cn/AiHouseTypeData/poi_village_scenery/prod/picture/2025/202504/20250427/695f607c07e14160b32df8cc4ef5af6f.jpg,"2025-04-27 11:39:02"
566700,兄弟心连心(梅师然、梅军然),"24.655742311849508","99.89279123300669",https://sannongdata.cn/AiHouseTypeData/poi_village_scenery/prod/picture/2025/202504/20250427/0d60a20cbe094ab898a159b682ffab9a.jpg,"2025-04-27 11:39:03"
566705,淘淘居,"24.65571585837436","99.91291084843161",https://sannongdata.cn/AiHouseTypeData/poi_village_scenery/prod/picture/2025/202504/20250427/b632ec8d1e374097bf688cee1623b1a8.jpg,"2025-04-27 12:23:35"
566705,淘淘居,"24.65571585837436","99.91291084843161",https://sannongdata.cn/AiHouseTypeData/poi_village_scenery/prod/picture/2025/202504/20250427/6c4723c3484f4512ac36956d02e394fb.jpg,"2025-04-27 12:23:36"
566705,淘淘居,"24.65571585837436","99.91291084843161",https://sannongdata.cn/AiHouseTypeData/poi_village_scenery/prod/picture/2025/202504/20250427/cfbb1a50107140748ba9728a62ec210e.jpg,"2025-04-27 12:23:38"
566705,淘淘居,"24.65571585837436","99.91291084843161",https://sannongdata.cn/AiHouseTypeData/poi_village_scenery/prod/picture/2025/202504/20250427/ef5d3d9aaac147d38d3eb3f35bd4b762.jpg,"2025-04-27 12:23:40"
566705,淘淘居,"24.65571585837436","99.91291084843161",https://sannongdata.cn/AiHouseTypeData/poi_village_scenery/prod/picture/2025/202504/20250427/b5830ea7fdbd44c886de1a3e53415087.jpg,"2025-04-27 12:23:42"
566704,时光小院（彭学明）,"24.655683430907263","99.91270261913921",https://sannongdata.cn/AiHouseTypeData/poi_village_scenery/prod/picture/2025/202504/20250427/8d68331e8fa94d7ebffda2f5fa2ecc85.jpg,"2025-04-27 13:12:08"
566704,时光小院（彭学明）,"24.655683430907263","99.91270261913921",https://sannongdata.cn/AiHouseTypeData/poi_village_scenery/prod/picture/2025/202504/20250427/efe7d4f94c1c468d9c918a5502fe30db.jpg,"2025-04-27 13:12:10"
566704,时光小院（彭学明）,"24.655683430907263","99.91270261913921",https://sannongdata.cn/AiHouseTypeData/poi_village_scenery/prod/picture/2025/202504/20250427/8046d07866204b52ac8a2733ddeef8e5.jpg,"2025-04-27 13:12:11"
566704,时光小院（彭学明）,"24.655683430907263","99.91270261913921",https://sannongdata.cn/AiHouseTypeData/poi_village_scenery/prod/picture/2025/202504/20250427/44c0c644476c4f51bb284f056c298e8b.jpg,"2025-04-27 13:12:12"
566704,时光小院（彭学明）,"24.655683430907263","99.91270261913921",https://sannongdata.cn/AiHouseTypeData/poi_village_scenery/prod/picture/2025/202504/20250427/390d62d46c28493eb0e4409a25321358.jpg,"2025-04-27 13:12:14"
566704,时光小院（彭学明）,"24.655683430907263","99.91270261913921",https://sannongdata.cn/AiHouseTypeData/poi_village_scenery/prod/picture/2025/202504/20250427/337d7916df524d0a8f40b9bd1e0a5dce.jpg,"2025-04-27 13:12:15"
566704,时光小院（彭学明）,"24.655683430907263","99.91270261913921",https://sannongdata.cn/AiHouseTypeData/poi_village_scenery/prod/picture/2025/202504/20250427/eb654f3071fe45c991cface77ea536fe.jpg,"2025-04-27 13:12:17"
566703,老王的花园(王华存),"24.66743638744412","99.91286468762644",https://sannongdata.cn/AiHouseTypeData/poi_village_scenery/prod/picture/2025/202504/20250427/b86b504be2cb419282491e4dd77ef506.jpg,"2025-04-27 14:20:52"
566703,老王的花园(王华存),"24.66743638744412","99.91286468762644",https://sannongdata.cn/AiHouseTypeData/poi_village_scenery/prod/picture/2025/202504/20250427/a20510e023484e0eaaad783a767bf3da.jpg,"2025-04-27 14:20:53"
566703,老王的花园(王华存),"24.66743638744412","99.91286468762644",https://sannongdata.cn/AiHouseTypeData/poi_village_scenery/prod/picture/2025/202504/20250427/7f3c6f16c970436a8e09da1cece0cb40.jpg,"2025-04-27 14:20:55"
566703,老王的花园(王华存),"24.66743638744412","99.91286468762644",https://sannongdata.cn/AiHouseTypeData/poi_village_scenery/prod/picture/2025/202504/20250427/e166b70060224a8d9d474680fbcd99fc.jpg,"2025-04-27 14:20:56"
566703,老王的花园(王华存),"24.66743638744412","99.91286468762644",https://sannongdata.cn/AiHouseTypeData/poi_village_scenery/prod/picture/2025/202504/20250427/36291ac1ab074e2e84b8e9ed2d5dc92d.jpg,"2025-04-27 14:20:57"
566702,转角花园(范光平),"24.6626703218673","99.90080386717122",https://sannongdata.cn/AiHouseTypeData/poi_village_scenery/prod/picture/2025/202504/20250427/dddbf045231a464390bad9db8f2ebb0a.jpg,"2025-04-27 18:04:00"
566702,转角花园(范光平),"24.6626703218673","99.90080386717122",https://sannongdata.cn/AiHouseTypeData/poi_village_scenery/prod/picture/2025/202504/20250427/ca0fc1749dc24ef99d6c1e433d10e272.jpg,"2025-04-27 18:04:03"
566702,转角花园(范光平),"24.6626703218673","99.90080386717122",https://sannongdata.cn/AiHouseTypeData/poi_village_scenery/prod/picture/2025/202504/20250427/5efbd6f31aa041ae920504935417fe06.jpg,"2025-04-27 18:04:04"
566702,转角花园(范光平),"24.6626703218673","99.90080386717122",https://sannongdata.cn/AiHouseTypeData/poi_village_scenery/prod/picture/2025/202504/20250427/fc929f112bda42a5a8412e8fcb1fc70a.jpg,"2025-04-27 18:04:06"
566741,月桂园(曾培云),"24.653461247207893","99.91010508095987",https://sannongdata.cn/AiHouseTypeData/poi_village_scenery/prod/picture/2025/202504/20250427/9151a7c280ed48e8a57262862f77faa7.jpg,"2025-04-27 23:46:33"
566741,月桂园(曾培云),"24.653461247207893","99.91010508095987",https://sannongdata.cn/AiHouseTypeData/poi_village_scenery/prod/picture/2025/202504/20250427/eac00cc664f24f7b83ebafbf859710a0.jpg,"2025-04-27 23:46:34"
566741,月桂园(曾培云),"24.653461247207893","99.91010508095987",https://sannongdata.cn/AiHouseTypeData/poi_village_scenery/prod/picture/2025/202504/20250427/ca1e7ccbba014f259f4d959e59704ef4.jpg,"2025-04-27 23:46:36"
566741,月桂园(曾培云),"24.653461247207893","99.91010508095987",https://sannongdata.cn/AiHouseTypeData/poi_village_scenery/prod/picture/2025/202504/20250427/3466474c6e9f4fe584d15195188c5a64.jpg,"2025-04-27 23:47:44"
566741,月桂园(曾培云),"24.653461247207893","99.91010508095987",https://sannongdata.cn/AiHouseTypeData/poi_village_scenery/prod/picture/2025/202504/20250427/f92a04a5a4d2465aa7c2e998c740c461.jpg,"2025-04-27 23:47:46"
566741,月桂园(曾培云),"24.653461247207893","99.91010508095987",https://sannongdata.cn/AiHouseTypeData/poi_village_scenery/prod/picture/2025/202504/20250427/e33dd48a319f4cf185295d84311775c1.jpg,"2025-04-27 23:47:48"
566744,桥畔花园(王文绍),"24.657598155028893","99.91262498689039",https://sannongdata.cn/AiHouseTypeData/poi_village_scenery/prod/picture/2025/202504/20250428/c4a9355d03bf43939ab34bff9be7f9c0.jpg,"2025-04-28 00:05:11"
566744,桥畔花园(王文绍),"24.657598155028893","99.91262498689039",https://sannongdata.cn/AiHouseTypeData/poi_village_scenery/prod/picture/2025/202504/20250428/1ff13b0144cd41f388fa963993e6c2ce.jpg,"2025-04-28 00:05:13"
566744,桥畔花园(王文绍),"24.657598155028893","99.91262498689039",https://sannongdata.cn/AiHouseTypeData/poi_village_scenery/prod/picture/2025/202504/20250428/afd43588db8e4f7b8a8da02a6f3deca0.jpg,"2025-04-28 00:05:14"
566743,柿子树下(王文富),"24.65799707343249","99.91313092321239",https://sannongdata.cn/AiHouseTypeData/poi_village_scenery/prod/picture/2025/202504/20250428/7307960490ec41ec9fe7438e4454478c.jpg,"2025-04-28 00:07:38"
566743,柿子树下(王文富),"24.65799707343249","99.91313092321239",https://sannongdata.cn/AiHouseTypeData/poi_village_scenery/prod/picture/2025/202504/20250428/eeaa704ff3b44bb68aeff14a3853fbba.jpg,"2025-04-28 00:07:39"
566743,柿子树下(王文富),"24.65799707343249","99.91313092321239",https://sannongdata.cn/AiHouseTypeData/poi_village_scenery/prod/picture/2025/202504/20250428/a2e30ed035874557b031cfa44a6e4d13.jpg,"2025-04-28 00:07:40"
566743,柿子树下(王文富),"24.65799707343249","99.91313092321239",https://sannongdata.cn/AiHouseTypeData/poi_village_scenery/prod/picture/2025/202504/20250428/daa50dab950645b88d8cb2b121b2a707.jpg,"2025-04-28 00:07:42"
566701,高山小药园(梅中红),"24.659468650038054","99.88978634115503",https://sannongdata.cn/AiHouseTypeData/poi_village_scenery/prod/picture/2025/202504/20250428/3ae81926b8ed4678907df4853112b0dc.jpg,"2025-04-28 00:12:45"
566701,高山小药园(梅中红),"24.659468650038054","99.88978634115503",https://sannongdata.cn/AiHouseTypeData/poi_village_scenery/prod/picture/2025/202504/20250428/d4a7ffd6bb75432c978ec36aad04aec0.jpg,"2025-04-28 00:12:46"
566701,高山小药园(梅中红),"24.659468650038054","99.88978634115503",https://sannongdata.cn/AiHouseTypeData/poi_village_scenery/prod/picture/2025/202504/20250428/ea207e3951be4d23b943b9c17d4e01a9.jpg,"2025-04-28 00:12:47"
566701,高山小药园(梅中红),"24.659468650038054","99.88978634115503",https://sannongdata.cn/AiHouseTypeData/poi_village_scenery/prod/picture/2025/202504/20250428/8d165bfc8dfb4316aa9d961b292dcea4.jpg,"2025-04-28 00:12:47"
566701,高山小药园(梅中红),"24.659468650038054","99.88978634115503",https://sannongdata.cn/AiHouseTypeData/poi_village_scenery/prod/picture/2025/202504/20250428/6a7965df3479441db5e7f170938931cf.jpg,"2025-04-28 00:12:48"
566701,高山小药园(梅中红),"24.659468650038054","99.88978634115503",https://sannongdata.cn/AiHouseTypeData/poi_village_scenery/prod/picture/2025/202504/20250428/659a0aedba6f4c09973a527c5a7f8179.jpg,"2025-04-28 00:12:49"
566705,淘淘居,"24.65571585837436","99.91291084843161",https://sannongdata.cn/AiHouseTypeData/poi_village_scenery/prod/picture/2025/202504/20250428/27fd88c31b1541e084eb34a3eb8ebf1b.png,"2025-04-28 00:17:22"
566705,淘淘居,"24.65571585837436","99.91291084843161",https://sannongdata.cn/AiHouseTypeData/poi_village_scenery/prod/picture/2025/202504/20250428/188f5ae4b9b446caa575bf178fe89b34.png,"2025-04-28 00:17:24"
566705,淘淘居,"24.65571585837436","99.91291084843161",https://sannongdata.cn/AiHouseTypeData/poi_village_scenery/prod/picture/2025/202504/20250428/322a32b8425440e18a4f7bbe9340669a.jpeg,"2025-04-28 00:17:25"
566705,淘淘居,"24.65571585837436","99.91291084843161",https://sannongdata.cn/AiHouseTypeData/poi_village_scenery/prod/picture/2025/202504/20250428/bb33bb80451c423591694eed622e0be6.jpeg,"2025-04-28 00:17:27"
566705,淘淘居,"24.65571585837436","99.91291084843161",https://sannongdata.cn/AiHouseTypeData/poi_village_scenery/prod/picture/2025/202504/20250428/dae21cc903874f0881e8f509c5ab0777.jpeg,"2025-04-28 00:17:28"
566705,淘淘居,"24.65571585837436","99.91291084843161",https://sannongdata.cn/AiHouseTypeData/poi_village_scenery/prod/picture/2025/202504/20250428/70a031fe89ea4e96aa564bcb811e1546.png,"2025-04-28 00:17:30"
566743,柿子树下(王文富),"24.65799707343249","99.91313092321239",https://sannongdata.cn/AiHouseTypeData/poi_village_scenery/prod/picture/2025/202504/20250428/71761a4a8eb24281bbb73a0ba76956f0.jpeg,"2025-04-28 00:19:04"
566738,光辉花园(张建林),"24.63463675332002","99.90572486595315",https://sannongdata.cn/AiHouseTypeData/poi_village_scenery/prod/picture/2025/202504/20250428/d5f3b22916254f17b1959bc3694f144c.jpg,"2025-04-28 00:19:20"
566738,光辉花园(张建林),"24.63463675332002","99.90572486595315",https://sannongdata.cn/AiHouseTypeData/poi_village_scenery/prod/picture/2025/202504/20250428/4ff9354cb9b44b7a8b0724d7015ab7c6.jpg,"2025-04-28 00:19:22"
566738,光辉花园(张建林),"24.63463675332002","99.90572486595315",https://sannongdata.cn/AiHouseTypeData/poi_village_scenery/prod/picture/2025/202504/20250428/717e826296874ca2b926959d8ae47dba.jpg,"2025-04-28 00:19:23"
566738,光辉花园(张建林),"24.63463675332002","99.90572486595315",https://sannongdata.cn/AiHouseTypeData/poi_village_scenery/prod/picture/2025/202504/20250428/9108415866504f4aa7b66be94af24aa9.jpg,"2025-04-28 00:19:25"
566703,老王的花园(王华存),"24.66743638744412","99.91286468762644",https://sannongdata.cn/AiHouseTypeData/poi_village_scenery/prod/picture/2025/202504/20250428/d5bd5308be054ffaafa3f63b5d8932f2.png,"2025-04-28 00:20:12"
566703,老王的花园(王华存),"24.66743638744412","99.91286468762644",https://sannongdata.cn/AiHouseTypeData/poi_village_scenery/prod/picture/2025/202504/20250428/ca90b3bccb6141c7801aae26b5f2cfb4.jpeg,"2025-04-28 00:20:12"
566703,老王的花园(王华存),"24.66743638744412","99.91286468762644",https://sannongdata.cn/AiHouseTypeData/poi_village_scenery/prod/picture/2025/202504/20250428/b7fdab1756924ca08d9aa66a6155dd4f.jpeg,"2025-04-28 00:20:24"
566743,柿子树下(王文富),"24.65799707343249","99.91313092321239",https://sannongdata.cn/AiHouseTypeData/poi_village_scenery/prod/picture/2025/202504/20250428/1f83cefed84f46588f55b076eba399ef.jpeg,"2025-04-28 00:22:28"
566742,小径花园,"24.658594791689115","99.91024314179434",https://sannongdata.cn/AiHouseTypeData/poi_village_scenery/prod/picture/2025/202504/20250428/e383d99ebb7548419bb8f5011827be71.png,"2025-04-28 00:25:06"
566701,高山小药园(梅中红),"24.659468650038054","99.88978634115503",https://sannongdata.cn/AiHouseTypeData/poi_village_scenery/prod/picture/2025/202504/20250428/52ec6e0dc0d14d7e9bc435630b29aee4.png,"2025-04-28 00:26:08"
566701,高山小药园(梅中红),"24.659468650038054","99.88978634115503",https://sannongdata.cn/AiHouseTypeData/poi_village_scenery/prod/picture/2025/202504/20250428/ec7e464c6c3f471bb25441faa5dd52b6.png,"2025-04-28 00:26:08"
566701,高山小药园(梅中红),"24.659468650038054","99.88978634115503",https://sannongdata.cn/AiHouseTypeData/poi_village_scenery/prod/picture/2025/202504/20250428/0da63da3815d4185a3f5476353f331de.jpeg,"2025-04-28 00:26:08"
566701,高山小药园(梅中红),"24.659468650038054","99.88978634115503",https://sannongdata.cn/AiHouseTypeData/poi_village_scenery/prod/picture/2025/202504/20250428/eccf1928744b4d57b460112ae3a0de9b.png,"2025-04-28 00:26:08"
566701,高山小药园(梅中红),"24.659468650038054","99.88978634115503",https://sannongdata.cn/AiHouseTypeData/poi_village_scenery/prod/picture/2025/202504/20250428/cc5fc9ce0cbc4ba8970b7527c71f2216.jpeg,"2025-04-28 00:26:09"
566702,转角花园(范光平),"24.6626703218673","99.90080386717122",https://sannongdata.cn/AiHouseTypeData/poi_village_scenery/prod/picture/2025/202504/20250428/292a1cbb3dee4f5d9929f064d2807f77.png,"2025-04-28 00:28:11"
566702,转角花园(范光平),"24.6626703218673","99.90080386717122",https://sannongdata.cn/AiHouseTypeData/poi_village_scenery/prod/picture/2025/202504/20250428/490085d8ea3141daa99df217892a2644.png,"2025-04-28 00:28:13"
566702,转角花园(范光平),"24.6626703218673","99.90080386717122",https://sannongdata.cn/AiHouseTypeData/poi_village_scenery/prod/picture/2025/202504/20250428/61d477179c924ca59e271c1d4e22ada6.jpeg,"2025-04-28 00:28:14"
566702,转角花园(范光平),"24.6626703218673","99.90080386717122",https://sannongdata.cn/AiHouseTypeData/poi_village_scenery/prod/picture/2025/202504/20250428/9c34604e3b97408e942fc4994979ba4f.jpeg,"2025-04-28 00:28:14"
566696,渔庄农家乐(张伟),"24.63817546895585","99.90914009070089",https://sannongdata.cn/AiHouseTypeData/poi_village_scenery/prod/picture/2025/202504/20250428/f760a4f267c74f339cd68b46c0cb86cb.png,"2025-04-28 00:29:48"
566696,渔庄农家乐(张伟),"24.63817546895585","99.90914009070089",https://sannongdata.cn/AiHouseTypeData/poi_village_scenery/prod/picture/2025/202504/20250428/1a3a122b478b4309ae272d731ba24c93.png,"2025-04-28 00:29:49"
566696,渔庄农家乐(张伟),"24.63817546895585","99.90914009070089",https://sannongdata.cn/AiHouseTypeData/poi_village_scenery/prod/picture/2025/202504/20250428/e0eb7365013948f2805f096664ae7120.jpeg,"2025-04-28 00:29:49"
566696,渔庄农家乐(张伟),"24.63817546895585","99.90914009070089",https://sannongdata.cn/AiHouseTypeData/poi_village_scenery/prod/picture/2025/202504/20250428/0c4de0a91637437e913a9430765fdfcd.jpeg,"2025-04-28 00:29:49"
566696,渔庄农家乐(张伟),"24.63817546895585","99.90914009070089",https://sannongdata.cn/AiHouseTypeData/poi_village_scenery/prod/picture/2025/202504/20250428/ad11b858a5384386a224dcf21d25c6b3.jpeg,"2025-04-28 00:29:49"
566740,净水花园,"24.6581794033095","99.9091753451235",https://sannongdata.cn/AiHouseTypeData/poi_village_scenery/prod/picture/2025/202504/20250428/8fd11e0a107a498ca1fd73c55cba7c41.jpg,"2025-04-28 00:32:29"
566740,净水花园,"24.6581794033095","99.9091753451235",https://sannongdata.cn/AiHouseTypeData/poi_village_scenery/prod/picture/2025/202504/20250428/e1b3ed05e77a42aeb53dffb3d7a2f585.jpg,"2025-04-28 00:32:30"
566740,净水花园,"24.6581794033095","99.9091753451235",https://sannongdata.cn/AiHouseTypeData/poi_village_scenery/prod/picture/2025/202504/20250428/afddda76152e400d89930eef0af342e2.jpg,"2025-04-28 00:32:30"
566740,净水花园,"24.6581794033095","99.9091753451235",https://sannongdata.cn/AiHouseTypeData/poi_village_scenery/prod/picture/2025/202504/20250428/d69c5baf556f4ac7b4a815ff467a059d.jpg,"2025-04-28 00:32:31"
566737,兰园(孙宗华),"24.637371328271648","99.90984312995009",https://sannongdata.cn/AiHouseTypeData/poi_village_scenery/prod/picture/2025/202504/20250428/8c67328316f840908d35dd17f6d2fac4.jpg,"2025-04-28 00:40:28"
566737,兰园(孙宗华),"24.637371328271648","99.90984312995009",https://sannongdata.cn/AiHouseTypeData/poi_village_scenery/prod/picture/2025/202504/20250428/9610d5225d244ae597cb0bd7785c7f59.jpg,"2025-04-28 00:40:30"
566737,兰园(孙宗华),"24.637371328271648","99.90984312995009",https://sannongdata.cn/AiHouseTypeData/poi_village_scenery/prod/picture/2025/202504/20250428/2a7a8631ec6d44c5a0d397fc6821f808.jpg,"2025-04-28 00:40:31"
566737,兰园(孙宗华),"24.637371328271648","99.90984312995009",https://sannongdata.cn/AiHouseTypeData/poi_village_scenery/prod/picture/2025/202504/20250428/10739e7cadf2418ca36787da6ac37a0d.jpg,"2025-04-28 00:40:32"
566740,净水花园,"24.6581794033095","99.9091753451235",https://sannongdata.cn/AiHouseTypeData/poi_village_scenery/prod/picture/2025/202504/20250428/2130ab8deaf941b4ab335272fbf8cf8e.jpeg,"2025-04-28 00:44:50"
566744,桥畔花园(王文绍),"24.657598155028893","99.91262498689039",https://sannongdata.cn/AiHouseTypeData/poi_village_scenery/prod/picture/2025/202504/20250428/fd7d543ad9b84b5e99023ed0c4207619.jpeg,"2025-04-28 00:47:52"
566628,垃圾池,"24.637590646080643","99.90880247237179",https://sannongdata.cn/AiHouseTypeData/poi_village_scenery/prod/picture/2025/202504/20250428/92ce3540cf774c7bba1df03287fca1e4.jpg,"2025-04-28 01:02:48"
566627,污水处理设备,"24.63769900151838","99.90802574467821",https://sannongdata.cn/AiHouseTypeData/poi_village_scenery/prod/picture/2025/202504/20250428/607d7ed37a2e4dad8cfc1793d42c0d28.jpg,"2025-04-28 01:03:55"
568221,淘淘居(彭美),"24.65575095049681","99.91290888402528",https://sannongdata.cn/AiHouseTypeData/poi_village_scenery/prod/picture/2025/202512/20251204/1588ef9f0cf14b28acfa829bf1abf710.jpg,"2025-12-04 20:15:27"
568221,淘淘居(彭美),"24.65575095049681","99.91290888402528",https://sannongdata.cn/AiHouseTypeData/poi_village_scenery/prod/picture/2025/202512/20251204/13a4d675c4504f298343a76b7370e2a1.JPG,"2025-12-04 20:16:05"
568221,淘淘居(彭美),"24.65575095049681","99.91290888402528",https://sannongdata.cn/AiHouseTypeData/poi_village_scenery/prod/picture/2025/202512/20251204/787e040612624ea691283b91c885246c.JPG,"2025-12-04 20:16:22"
568221,淘淘居(彭美),"24.65575095049681","99.91290888402528",https://sannongdata.cn/AiHouseTypeData/poi_village_scenery/prod/picture/2025/202512/20251204/7c4876d32a0d4f52ae670a7e42a5c483.JPG,"2025-12-04 20:16:31"
568221,淘淘居(彭美),"24.65575095049681","99.91290888402528",https://sannongdata.cn/AiHouseTypeData/poi_village_scenery/prod/picture/2025/202512/20251204/94849cd791e644b596d4f0eb8cb4afbb.jpg,"2025-12-04 20:16:40"
568221,淘淘居(彭美),"24.65575095049681","99.91290888402528",https://sannongdata.cn/AiHouseTypeData/poi_village_scenery/prod/picture/2025/202512/20251204/ae724695fe484a02aea98a3921ac0996.jpg,"2025-12-04 20:17:32"
568224,小径花园(王文云),"24.658339529406447","99.9129369414867",https://sannongdata.cn/AiHouseTypeData/poi_village_scenery/prod/picture/2025/202512/20251204/49ee2ba1f0f84a9793eac08dc001f26a.JPG,"2025-12-04 20:46:47"
568224,小径花园(王文云),"24.658339529406447","99.9129369414867",https://sannongdata.cn/AiHouseTypeData/poi_village_scenery/prod/picture/2025/202512/20251204/0ad79e5b364a4ac3a683a249ecf3f75b.jpg,"2025-12-04 20:46:55"
568224,小径花园(王文云),"24.658339529406447","99.9129369414867",https://sannongdata.cn/AiHouseTypeData/poi_village_scenery/prod/picture/2025/202512/20251204/f56349f5d10e46ae858f1288b10c873d.jpg,"2025-12-04 20:47:06"
568225,净水花园(王文奇),"24.6575006957616","99.91210357502725",https://sannongdata.cn/AiHouseTypeData/poi_village_scenery/prod/picture/2025/202512/20251204/7afc5b26332e4dd2aade08f29cf63348.JPG,"2025-12-04 20:50:09"
568225,净水花园(王文奇),"24.6575006957616","99.91210357502725",https://sannongdata.cn/AiHouseTypeData/poi_village_scenery/prod/picture/2025/202512/20251204/ae478076751e482d8cb26c92bcfb6ea7.JPG,"2025-12-04 20:50:40"
568225,净水花园(王文奇),"24.6575006957616","99.91210357502725",https://sannongdata.cn/AiHouseTypeData/poi_village_scenery/prod/picture/2025/202512/20251204/3da6a293727a401890c050b9f95175ce.JPG,"2025-12-04 20:50:54"
568226,百香园(白思明),"24.667729601136195","99.9095446699382",https://sannongdata.cn/AiHouseTypeData/poi_village_scenery/prod/picture/2025/202512/20251204/4a43e6822be74400803da7f4ba582393.jpg,"2025-12-04 21:02:21"
568226,百香园(白思明),"24.667729601136195","99.9095446699382",https://sannongdata.cn/AiHouseTypeData/poi_village_scenery/prod/picture/2025/202512/20251204/ba5c4f90604843d8bdc61eb670777e59.jpg,"2025-12-04 21:02:33"
568226,百香园(白思明),"24.667729601136195","99.9095446699382",https://sannongdata.cn/AiHouseTypeData/poi_village_scenery/prod/picture/2025/202512/20251204/fab6d2274baf4fabbbb5e391ba4e0ba0.jpg,"2025-12-04 21:02:39"
568226,百香园(白思明),"24.667729601136195","99.9095446699382",https://sannongdata.cn/AiHouseTypeData/poi_village_scenery/prod/picture/2025/202512/20251204/df15644ee5974655935693af394caabd.jpg,"2025-12-04 21:02:45"
568226,百香园(白思明),"24.667729601136195","99.9095446699382",https://sannongdata.cn/AiHouseTypeData/poi_village_scenery/prod/picture/2025/202512/20251204/7fbf9361375f4fbd84e4e5a6a548591c.jpg,"2025-12-04 21:02:51"
568227,奇花园(白王林),"24.66775280527967","99.9090266271207",https://sannongdata.cn/AiHouseTypeData/poi_village_scenery/prod/picture/2025/202512/20251204/50cd74b2dd1d4b748c49115b57740608.JPG,"2025-12-04 21:05:55"
568227,奇花园(白王林),"24.66775280527967","99.9090266271207",https://sannongdata.cn/AiHouseTypeData/poi_village_scenery/prod/picture/2025/202512/20251204/e344b630c1d8434ea3b8363dac9f1c9b.JPG,"2025-12-04 21:06:02"
568229,凝翠丘(郭洪生),"24.65396198953074","99.90478586153014",https://sannongdata.cn/AiHouseTypeData/poi_village_scenery/prod/picture/2025/202512/20251204/4754f1feb2ef433c8afc0d31ce0b8895.JPG,"2025-12-04 21:36:58"
568229,凝翠丘(郭洪生),"24.65396198953074","99.90478586153014",https://sannongdata.cn/AiHouseTypeData/poi_village_scenery/prod/picture/2025/202512/20251204/09c1cc07157549d6b1fdf211081c9d4e.JPG,"2025-12-04 21:37:28"
566696,渔庄农家乐(张伟),"24.63817546895585","99.90914009070089",https://sannongdata.cn/AiHouseTypeData/poi_village_scenery/prod/picture/2026/202605/20260521/df7687b42d1d4c44bba333a1b479eaa0.png,"2026-05-21 15:07:50"
566696,渔庄农家乐(张伟),"24.63817546895585","99.90914009070089",https://sannongdata.cn/AiHouseTypeData/poi_village_scenery/prod/picture/2026/202605/20260521/51bc8dcd00634c39947bf17dbf04f2da.jpg,"2026-05-21 15:09:28"
566696,渔庄农家乐(张伟),"24.63817546895585","99.90914009070089",https://sannongdata.cn/AiHouseTypeData/poi_village_scenery/prod/picture/2026/202605/20260521/3fbe9ea95edd426697137a51d84d0f75.jpg,"2026-05-21 15:09:32"
566696,渔庄农家乐(张伟),"24.63817546895585","99.90914009070089",https://sannongdata.cn/AiHouseTypeData/poi_village_scenery/prod/picture/2026/202605/20260521/91d3b29ad631412eb86950a372ca2a74.jpg,"2026-05-21 15:10:27"
566696,渔庄农家乐(张伟),"24.63817546895585","99.90914009070089",https://sannongdata.cn/AiHouseTypeData/poi_village_scenery/prod/picture/2026/202605/20260521/3b7789da087447e7a26e7b2d490aa3bf.jpg,"2026-05-21 15:10:43"
566703,老王的花园(王华存),"24.66743638744412","99.91286468762644",https://sannongdata.cn/AiHouseTypeData/poi_village_scenery/prod/picture/2026/202605/20260521/48e98d2ee8e946ceaeb4dfcadc0dbd5e.png,"2026-05-21 15:21:03"
566703,老王的花园(王华存),"24.66743638744412","99.91286468762644",https://sannongdata.cn/AiHouseTypeData/poi_village_scenery/prod/picture/2026/202605/20260521/672b7e09d7214067bc0926d73e153cc3.JPG,"2026-05-21 15:23:47"
566703,老王的花园(王华存),"24.66743638744412","99.91286468762644",https://sannongdata.cn/AiHouseTypeData/poi_village_scenery/prod/picture/2026/202605/20260521/70dbf7f1936c4374953f48e0485a5052.jpg,"2026-05-21 15:23:56"
566703,老王的花园(王华存),"24.66743638744412","99.91286468762644",https://sannongdata.cn/AiHouseTypeData/poi_village_scenery/prod/picture/2026/202605/20260521/83558e4b67e842a58497e0381b42d8c0.jpg,"2026-05-21 15:24:08"
566703,老王的花园(王华存),"24.66743638744412","99.91286468762644",https://sannongdata.cn/AiHouseTypeData/poi_village_scenery/prod/picture/2026/202605/20260521/242dad8798f1417ea348bb8b41481770.JPG,"2026-05-21 15:25:54"
566703,老王的花园(王华存),"24.66743638744412","99.91286468762644",https://sannongdata.cn/AiHouseTypeData/poi_village_scenery/prod/picture/2026/202605/20260521/ae13c31ecb914d0789c0ec8556087048.JPG,"2026-05-21 15:26:15"
566698,童稚园(张国宇),"24.637693097692257","99.91148884246252",https://sannongdata.cn/AiHouseTypeData/poi_village_scenery/prod/picture/2026/202605/20260521/a6865c724cc64edd8540fc90b73d63a3.png,"2026-05-21 15:28:43"
566698,童稚园(张国宇),"24.637693097692257","99.91148884246252",https://sannongdata.cn/AiHouseTypeData/poi_village_scenery/prod/picture/2026/202605/20260521/4469f8fea306488191bf094414546cb2.png,"2026-05-21 15:28:51"
566698,童稚园(张国宇),"24.637693097692257","99.91148884246252",https://sannongdata.cn/AiHouseTypeData/poi_village_scenery/prod/picture/2026/202605/20260521/2cd56e406f7e4946aea9f1df95a48a81.jpg,"2026-05-21 15:31:10"
566698,童稚园(张国宇),"24.637693097692257","99.91148884246252",https://sannongdata.cn/AiHouseTypeData/poi_village_scenery/prod/picture/2026/202605/20260521/e7db8bce1eb04180a0f851920f06202b.jpg,"2026-05-21 15:31:45"
566698,童稚园(张国宇),"24.637693097692257","99.91148884246252",https://sannongdata.cn/AiHouseTypeData/poi_village_scenery/prod/picture/2026/202605/20260521/c60ee6f0554b4bb491d9004979699dcd.jpg,"2026-05-21 15:32:04"
566698,童稚园(张国宇),"24.637693097692257","99.91148884246252",https://sannongdata.cn/AiHouseTypeData/poi_village_scenery/prod/picture/2026/202605/20260521/daac81110be5494482f44016e833a4b1.JPG,"2026-05-21 15:32:22"
566698,童稚园(张国宇),"24.637693097692257","99.91148884246252",https://sannongdata.cn/AiHouseTypeData/poi_village_scenery/prod/picture/2026/202605/20260521/9222aa36b5f14a1dbc498ba1bd3a0f49.JPG,"2026-05-21 15:33:19"
568192,马大姐花园(马顺香),"24.63770802584629","99.90935424266803",https://sannongdata.cn/AiHouseTypeData/poi_village_scenery/prod/picture/2026/202605/20260521/c3301d2c21e440fa9d1a6775a6371838.png,"2026-05-21 15:38:21"
568192,马大姐花园(马顺香),"24.63770802584629","99.90935424266803",https://sannongdata.cn/AiHouseTypeData/poi_village_scenery/prod/picture/2026/202605/20260521/c89e8f7c7b92428baaf9dd8f75f4b61f.JPG,"2026-05-21 15:39:50"
568192,马大姐花园(马顺香),"24.63770802584629","99.90935424266803",https://sannongdata.cn/AiHouseTypeData/poi_village_scenery/prod/picture/2026/202605/20260521/efcd3ac43f684d5c808417db6d001b13.JPG,"2026-05-21 15:43:56"
568192,马大姐花园(马顺香),"24.63770802584629","99.90935424266803",https://sannongdata.cn/AiHouseTypeData/poi_village_scenery/prod/picture/2026/202605/20260521/a79fec704c7f42cba6ede39322271ee9.JPG,"2026-05-21 15:44:02"
566745,云中歌(张中云),"24.65727636180084","99.91359888725964",https://sannongdata.cn/AiHouseTypeData/poi_village_scenery/prod/picture/2026/202605/20260521/e1aa397dc1a74ab3ae245ad1b84a4f13.png,"2026-05-21 15:45:11"
566745,云中歌(张中云),"24.65727636180084","99.91359888725964",https://sannongdata.cn/AiHouseTypeData/poi_village_scenery/prod/picture/2026/202605/20260521/bc34e3cfde274c8f84ffd18f0bd6040f.png,"2026-05-21 15:45:16"
566745,云中歌(张中云),"24.65727636180084","99.91359888725964",https://sannongdata.cn/AiHouseTypeData/poi_village_scenery/prod/picture/2026/202605/20260521/ee162e76ef1747ac8a299c27d20af1e9.jpg,"2026-05-21 15:46:21"
568225,净水花园(王文奇),"24.6575006957616","99.91210357502725",https://sannongdata.cn/AiHouseTypeData/poi_village_scenery/prod/picture/2026/202605/20260521/f0835b39b45b46638d1eaf9cd2c4272e.jpg,"2026-05-21 15:47:21"
568225,净水花园(王文奇),"24.6575006957616","99.91210357502725",https://sannongdata.cn/AiHouseTypeData/poi_village_scenery/prod/picture/2026/202605/20260521/720c741c53554f07a458d0e261920057.png,"2026-05-21 15:47:29"
568225,净水花园(王文奇),"24.6575006957616","99.91210357502725",https://sannongdata.cn/AiHouseTypeData/poi_village_scenery/prod/picture/2026/202605/20260521/9c6dcb1126b444d1b57f57b5254b781b.JPG,"2026-05-21 15:48:32"
566700,兄弟心连心(梅师然、梅军然),"24.655742311849508","99.89279123300669",https://sannongdata.cn/AiHouseTypeData/poi_village_scenery/prod/picture/2026/202605/20260521/befcadc0337f4b1180fefbddc03df49a.png,"2026-05-21 15:51:51"
566700,兄弟心连心(梅师然、梅军然),"24.655742311849508","99.89279123300669",https://sannongdata.cn/AiHouseTypeData/poi_village_scenery/prod/picture/2026/202605/20260521/982e07dc19fa4cc1a09e85c7b5a57e93.png,"2026-05-21 15:52:01"
566700,兄弟心连心(梅师然、梅军然),"24.655742311849508","99.89279123300669",https://sannongdata.cn/AiHouseTypeData/poi_village_scenery/prod/picture/2026/202605/20260521/c8ae814d725142a18d88c57f54e218b6.jpg,"2026-05-21 15:53:10"
566700,兄弟心连心(梅师然、梅军然),"24.655742311849508","99.89279123300669",https://sannongdata.cn/AiHouseTypeData/poi_village_scenery/prod/picture/2026/202605/20260521/720b58f69998408f95e3dba3c921d31d.jpg,"2026-05-21 15:54:40"
566700,兄弟心连心(梅师然、梅军然),"24.655742311849508","99.89279123300669",https://sannongdata.cn/AiHouseTypeData/poi_village_scenery/prod/picture/2026/202605/20260521/7b13b5ea90d94a29a8dd732e2f4844d4.jpg,"2026-05-21 15:55:10"
566700,兄弟心连心(梅师然、梅军然),"24.655742311849508","99.89279123300669",https://sannongdata.cn/AiHouseTypeData/poi_village_scenery/prod/picture/2026/202605/20260521/cf8309cc6dae46f3a40146c466a080d1.jpg,"2026-05-21 15:57:21"
566704,时光小院（彭学明）,"24.655683430907263","99.91270261913921",https://sannongdata.cn/AiHouseTypeData/poi_village_scenery/prod/picture/2026/202605/20260521/52286996014a42a9acb19c1a32d648df.png,"2026-05-21 16:01:40"
566704,时光小院（彭学明）,"24.655683430907263","99.91270261913921",https://sannongdata.cn/AiHouseTypeData/poi_village_scenery/prod/picture/2026/202605/20260521/c3a80a502c5b4c67bbd30cae4f7ff9c0.png,"2026-05-21 16:01:44"
566704,时光小院（彭学明）,"24.655683430907263","99.91270261913921",https://sannongdata.cn/AiHouseTypeData/poi_village_scenery/prod/picture/2026/202605/20260521/047637ebd8f94b128cef47dcfccfda6a.JPG,"2026-05-21 16:02:45"
566704,时光小院（彭学明）,"24.655683430907263","99.91270261913921",https://sannongdata.cn/AiHouseTypeData/poi_village_scenery/prod/picture/2026/202605/20260521/4f121c8210a8433cb3b6a904f58b8bc0.JPG,"2026-05-21 16:03:06"
566704,时光小院（彭学明）,"24.655683430907263","99.91270261913921",https://sannongdata.cn/AiHouseTypeData/poi_village_scenery/prod/picture/2026/202605/20260521/015f3bf330d744038d454c9f81b570de.JPG,"2026-05-21 16:04:29"
566704,时光小院（彭学明）,"24.655683430907263","99.91270261913921",https://sannongdata.cn/AiHouseTypeData/poi_village_scenery/prod/picture/2026/202605/20260521/79d12bae40344f6a87d388b213caab1d.JPG,"2026-05-21 16:04:55"
566704,时光小院（彭学明）,"24.655683430907263","99.91270261913921",https://sannongdata.cn/AiHouseTypeData/poi_village_scenery/prod/picture/2026/202605/20260521/7e7b4224975b4b1e952b721d10b9242d.jpg,"2026-05-21 16:05:50"
566695,白宫花园(杨光连),"24.637972206619285","99.90944742048752",https://sannongdata.cn/AiHouseTypeData/poi_village_scenery/prod/picture/2026/202606/20260601/31e218ff695745dba64f8916a4a8ce4e.png,"2026-06-01 15:25:11"
566695,白宫花园(杨光连),"24.637972206619285","99.90944742048752",https://sannongdata.cn/AiHouseTypeData/poi_village_scenery/prod/picture/2026/202606/20260601/b105642d9bd04a1cb273594e47d5fd10.png,"2026-06-01 15:25:38"
566695,白宫花园(杨光连),"24.637972206619285","99.90944742048752",https://sannongdata.cn/AiHouseTypeData/poi_village_scenery/prod/picture/2026/202606/20260601/6c0a59a483de42969c11b45f5ff227ae.JPG,"2026-06-01 15:28:21"
566695,白宫花园(杨光连),"24.637972206619285","99.90944742048752",https://sannongdata.cn/AiHouseTypeData/poi_village_scenery/prod/picture/2026/202606/20260601/67245bf792e64b14b3a34162c0c90257.JPG,"2026-06-01 15:28:23"
566695,白宫花园(杨光连),"24.637972206619285","99.90944742048752",https://sannongdata.cn/AiHouseTypeData/poi_village_scenery/prod/picture/2026/202606/20260601/da851a284df345dabf864d6e17fb0124.JPG,"2026-06-01 15:28:27"
566695,白宫花园(杨光连),"24.637972206619285","99.90944742048752",https://sannongdata.cn/AiHouseTypeData/poi_village_scenery/prod/picture/2026/202606/20260601/90c9dbced44a446d93905b5dd546195f.jpg,"2026-06-01 15:28:29"
566695,白宫花园(杨光连),"24.637972206619285","99.90944742048752",https://sannongdata.cn/AiHouseTypeData/poi_village_scenery/prod/picture/2026/202606/20260601/00ac4ce72c00407e9edd0efcb3fc088a.jpg,"2026-06-01 15:28:30"
566695,白宫花园(杨光连),"24.637972206619285","99.90944742048752",https://sannongdata.cn/AiHouseTypeData/poi_village_scenery/prod/picture/2026/202606/20260601/49498fdf0c534b118761fe939d15cd3d.JPG,"2026-06-01 15:28:55"
566697,古井边的花园(张国凤),"24.638222829802377","99.90972129256993",https://sannongdata.cn/AiHouseTypeData/poi_village_scenery/prod/picture/2026/202606/20260601/74a50a975efb44bfabefdbcf1f872172.png,"2026-06-01 15:40:41"
566697,古井边的花园(张国凤),"24.638222829802377","99.90972129256993",https://sannongdata.cn/AiHouseTypeData/poi_village_scenery/prod/picture/2026/202606/20260601/055e57a48a3b493597c9b44c48930341.png,"2026-06-01 15:45:18"
566697,古井边的花园(张国凤),"24.638222829802377","99.90972129256993",https://sannongdata.cn/AiHouseTypeData/poi_village_scenery/prod/picture/2026/202606/20260601/f3c912c7e0a44a68bf7d782b88ee3a6b.png,"2026-06-01 15:45:18"
566697,古井边的花园(张国凤),"24.638222829802377","99.90972129256993",https://sannongdata.cn/AiHouseTypeData/poi_village_scenery/prod/picture/2026/202606/20260601/f1984b98d143408bb4a4d05477f2bf87.jpg,"2026-06-01 15:45:20"
566697,古井边的花园(张国凤),"24.638222829802377","99.90972129256993",https://sannongdata.cn/AiHouseTypeData/poi_village_scenery/prod/picture/2026/202606/20260601/7d25215a2db841c993aa14cd87e712b3.png,"2026-06-01 15:45:20"
566697,古井边的花园(张国凤),"24.638222829802377","99.90972129256993",https://sannongdata.cn/AiHouseTypeData/poi_village_scenery/prod/picture/2026/202606/20260601/0a9d5089084c49a49ae4f0de8c96c964.png,"2026-06-01 15:45:20"
566697,古井边的花园(张国凤),"24.638222829802377","99.90972129256993",https://sannongdata.cn/AiHouseTypeData/poi_village_scenery/prod/picture/2026/202606/20260601/d20054605c7d44f28561c4647abf9dd1.jpg,"2026-06-01 15:45:22"
566697,古井边的花园(张国凤),"24.638222829802377","99.90972129256993",https://sannongdata.cn/AiHouseTypeData/poi_village_scenery/prod/picture/2026/202606/20260601/b56f1d6460f942d9a94cef4317b3f3cc.png,"2026-06-01 15:46:16"
566697,古井边的花园(张国凤),"24.638222829802377","99.90972129256993",https://sannongdata.cn/AiHouseTypeData/poi_village_scenery/prod/picture/2026/202606/20260601/b70d1c0a52b243ad96609e68b4c0a60a.png,"2026-06-01 15:46:17"
566699,半山居(梅富然),"24.65551698405553","99.89184258024426",https://sannongdata.cn/AiHouseTypeData/poi_village_scenery/prod/picture/2026/202606/20260601/9e5921eb85b745208ee91afc2232a3f9.png,"2026-06-01 16:09:59"
566699,半山居(梅富然),"24.65551698405553","99.89184258024426",https://sannongdata.cn/AiHouseTypeData/poi_village_scenery/prod/picture/2026/202606/20260601/bb90935c0c9e408098e4c05a4637740b.JPG,"2026-06-01 16:10:00"
566699,半山居(梅富然),"24.65551698405553","99.89184258024426",https://sannongdata.cn/AiHouseTypeData/poi_village_scenery/prod/picture/2026/202606/20260601/bcab5f434f2e424796143ec84760aa35.png,"2026-06-01 16:10:03"
566699,半山居(梅富然),"24.65551698405553","99.89184258024426",https://sannongdata.cn/AiHouseTypeData/poi_village_scenery/prod/video/2026/202606/20260601/3502d42cb0974d0d93e5f7a30f8c8d44.mp4,"2026-06-01 16:11:19"
566699,半山居(梅富然),"24.65551698405553","99.89184258024426",https://sannongdata.cn/AiHouseTypeData/poi_village_scenery/prod/video/2026/202606/20260601/5b982aaa3c0e456bbcfe50f5b0fca6ea.mp4,"2026-06-01 16:12:01"
566699,半山居(梅富然),"24.65551698405553","99.89184258024426",https://sannongdata.cn/AiHouseTypeData/poi_village_scenery/prod/video/2026/202606/20260601/661e834108914eb8a41d7613ce81d30e.mp4,"2026-06-01 16:13:03"
566699,半山居(梅富然),"24.65551698405553","99.89184258024426",https://sannongdata.cn/AiHouseTypeData/poi_village_scenery/prod/picture/2026/202606/20260601/1a7e3f20122c404da1ad73cead825bc2.png,"2026-06-01 16:16:55"
566699,半山居(梅富然),"24.65551698405553","99.89184258024426",https://sannongdata.cn/AiHouseTypeData/poi_village_scenery/prod/picture/2026/202606/20260601/fd66d740fef54a77b0162bbf80f8878d.png,"2026-06-01 16:16:56"
566699,半山居(梅富然),"24.65551698405553","99.89184258024426",https://sannongdata.cn/AiHouseTypeData/poi_village_scenery/prod/picture/2026/202606/20260601/f4c9b2fdb18c4482bc854c465607e2d5.png,"2026-06-01 16:17:17"
566699,半山居(梅富然),"24.65551698405553","99.89184258024426",https://sannongdata.cn/AiHouseTypeData/poi_village_scenery/prod/picture/2026/202606/20260601/b5ed4b2262ed49aca7f2e172b3194ec8.png,"2026-06-01 16:17:17"
566699,半山居(梅富然),"24.65551698405553","99.89184258024426",https://sannongdata.cn/AiHouseTypeData/poi_village_scenery/prod/picture/2026/202606/20260601/af57ada864b54d90bcb50225f1f09cac.png,"2026-06-01 16:17:18"
566699,半山居(梅富然),"24.65551698405553","99.89184258024426",https://sannongdata.cn/AiHouseTypeData/poi_village_scenery/prod/picture/2026/202606/20260601/15802198258c4ac5b50335a71c19f18a.png,"2026-06-01 16:17:18"
566699,半山居(梅富然),"24.65551698405553","99.89184258024426",https://sannongdata.cn/AiHouseTypeData/poi_village_scenery/prod/picture/2026/202606/20260601/f28c3647934e4b508b868ec8f342596a.png,"2026-06-01 16:17:19"
566699,半山居(梅富然),"24.65551698405553","99.89184258024426",https://sannongdata.cn/AiHouseTypeData/poi_village_scenery/prod/picture/2026/202606/20260601/639edf0f219c404c91fe764c729da63e.jpg,"2026-06-01 16:19:30"
566699,半山居(梅富然),"24.65551698405553","99.89184258024426",https://sannongdata.cn/AiHouseTypeData/poi_village_scenery/prod/picture/2026/202606/20260601/0e2e74dd083e4609a54775dd77cdcacd.jpg,"2026-06-01 16:19:31"
566699,半山居(梅富然),"24.65551698405553","99.89184258024426",https://sannongdata.cn/AiHouseTypeData/poi_village_scenery/prod/picture/2026/202606/20260601/73356c9ea30c41d5b98e2d3a2e8ecb6b.jpg,"2026-06-01 16:19:32"
566699,半山居(梅富然),"24.65551698405553","99.89184258024426",https://sannongdata.cn/AiHouseTypeData/poi_village_scenery/prod/picture/2026/202606/20260601/069bdef49f3b45a6afbce437b084dccb.png,"2026-06-01 16:19:32"
566699,半山居(梅富然),"24.65551698405553","99.89184258024426",https://sannongdata.cn/AiHouseTypeData/poi_village_scenery/prod/picture/2026/202606/20260601/a1582793ecc54423bf841d03e7fc6b40.jpg,"2026-06-01 16:19:34"
566699,半山居(梅富然),"24.65551698405553","99.89184258024426",https://sannongdata.cn/AiHouseTypeData/poi_village_scenery/prod/picture/2026/202606/20260601/b1580d3d83204c35baa2b31d14756657.JPG,"2026-06-01 16:20:27"
566699,半山居(梅富然),"24.65551698405553","99.89184258024426",https://sannongdata.cn/AiHouseTypeData/poi_village_scenery/prod/picture/2026/202606/20260601/30360b8ffe274c4aa3c5cb2ab58de8d9.jpg,"2026-06-01 16:20:28"
566699,半山居(梅富然),"24.65551698405553","99.89184258024426",https://sannongdata.cn/AiHouseTypeData/poi_village_scenery/prod/picture/2026/202606/20260601/f4384934517c4602a7e997177bc33516.jpg,"2026-06-01 16:20:30"
566699,半山居(梅富然),"24.65551698405553","99.89184258024426",https://sannongdata.cn/AiHouseTypeData/poi_village_scenery/prod/picture/2026/202606/20260601/6bfba876f5e64ffa8a0bc4c3e0d4d427.jpg,"2026-06-01 16:20:48"
566699,半山居(梅富然),"24.65551698405553","99.89184258024426",https://sannongdata.cn/AiHouseTypeData/poi_village_scenery/prod/picture/2026/202606/20260601/38ad6d872c684f54a743d15190e7559d.jpg,"2026-06-01 16:20:49"
566699,半山居(梅富然),"24.65551698405553","99.89184258024426",https://sannongdata.cn/AiHouseTypeData/poi_village_scenery/prod/picture/2026/202606/20260601/df07361d095340b18ee06503038a0d22.jfif,"2026-06-01 16:21:14"
566699,半山居(梅富然),"24.65551698405553","99.89184258024426",https://sannongdata.cn/AiHouseTypeData/poi_village_scenery/prod/picture/2026/202606/20260601/30d12737bb4d4e9ebbde215e0ebdabc8.jpg,"2026-06-01 16:21:14"
566699,半山居(梅富然),"24.65551698405553","99.89184258024426",https://sannongdata.cn/AiHouseTypeData/poi_village_scenery/prod/picture/2026/202606/20260601/f11399b59ffb487eb9c3d0a366a65544.JPG,"2026-06-01 16:21:14"
566697,古井边的花园(张国凤),"24.638222829802377","99.90972129256993",https://sannongdata.cn/AiHouseTypeData/poi_village_scenery/prod/picture/2026/202606/20260601/9069f6708331484ca20a7ed672200c28.png,"2026-06-01 17:12:40"
566697,古井边的花园(张国凤),"24.638222829802377","99.90972129256993",https://sannongdata.cn/AiHouseTypeData/poi_village_scenery/prod/picture/2026/202606/20260601/1d7410475c3c4cb7a8abc16ed4803bb8.png,"2026-06-01 17:12:40"
566697,古井边的花园(张国凤),"24.638222829802377","99.90972129256993",https://sannongdata.cn/AiHouseTypeData/poi_village_scenery/prod/picture/2026/202606/20260601/86edbe250bc642058deb890ce43fc4f5.png,"2026-06-01 17:12:40"
566697,古井边的花园(张国凤),"24.638222829802377","99.90972129256993",https://sannongdata.cn/AiHouseTypeData/poi_village_scenery/prod/picture/2026/202606/20260601/2f602d91b9e04c4496d9217514568151.png,"2026-06-01 17:12:41"
566697,古井边的花园(张国凤),"24.638222829802377","99.90972129256993",https://sannongdata.cn/AiHouseTypeData/poi_village_scenery/prod/picture/2026/202606/20260601/de90576219ff489ebd8d8ac392ffdd93.png,"2026-06-01 17:12:41"
566697,古井边的花园(张国凤),"24.638222829802377","99.90972129256993",https://sannongdata.cn/AiHouseTypeData/poi_village_scenery/prod/picture/2026/202606/20260601/3f43954fbfef475094f910b39e042377.jpg,"2026-06-01 17:18:35"
566697,古井边的花园(张国凤),"24.638222829802377","99.90972129256993",https://sannongdata.cn/AiHouseTypeData/poi_village_scenery/prod/picture/2026/202606/20260601/7b6a1ce3f5664bfb8401a270bb38fe42.jpg,"2026-06-01 17:18:36"
566697,古井边的花园(张国凤),"24.638222829802377","99.90972129256993",https://sannongdata.cn/AiHouseTypeData/poi_village_scenery/prod/picture/2026/202606/20260601/a377bb4610f44e9aa3f3d860335f54a7.jpg,"2026-06-01 17:18:49"
566706,步步高(郭俊生),"24.65430343169048","99.90350915363955",https://sannongdata.cn/AiHouseTypeData/poi_village_scenery/prod/picture/2026/202606/20260601/256d0d792ce841c1a7fcf532d3575f51.png,"2026-06-01 17:41:42"
566706,步步高(郭俊生),"24.65430343169048","99.90350915363955",https://sannongdata.cn/AiHouseTypeData/poi_village_scenery/prod/picture/2026/202606/20260601/59495db1c31a43c9930b1ea356f47a7b.jpg,"2026-06-01 17:43:20"
566706,步步高(郭俊生),"24.65430343169048","99.90350915363955",https://sannongdata.cn/AiHouseTypeData/poi_village_scenery/prod/picture/2026/202606/20260601/9802364eb1da4128822b0f1aed07a527.jpeg,"2026-06-01 17:43:22"
566706,步步高(郭俊生),"24.65430343169048","99.90350915363955",https://sannongdata.cn/AiHouseTypeData/poi_village_scenery/prod/picture/2026/202606/20260601/989ae4da2b784936ad3f6e8d456b9d14.jpg,"2026-06-01 17:43:22"
566706,步步高(郭俊生),"24.65430343169048","99.90350915363955",https://sannongdata.cn/AiHouseTypeData/poi_village_scenery/prod/picture/2026/202606/20260601/e61cbd1c7d5042759c5888a166e673a4.JPG,"2026-06-01 17:43:23"
566706,步步高(郭俊生),"24.65430343169048","99.90350915363955",https://sannongdata.cn/AiHouseTypeData/poi_village_scenery/prod/picture/2026/202606/20260601/df7c5241abee487aa70bc70943531e17.jpg,"2026-06-01 17:43:57"
566706,步步高(郭俊生),"24.65430343169048","99.90350915363955",https://sannongdata.cn/AiHouseTypeData/poi_village_scenery/prod/picture/2026/202606/20260601/65a60c39f9b344a4b45696e4d0b3d8c5.JPG,"2026-06-01 17:43:59"
566706,步步高(郭俊生),"24.65430343169048","99.90350915363955",https://sannongdata.cn/AiHouseTypeData/poi_village_scenery/prod/picture/2026/202606/20260601/ac68773d30e143f1884659f4ec310042.JPG,"2026-06-01 17:44:02"
566706,步步高(郭俊生),"24.65430343169048","99.90350915363955",https://sannongdata.cn/AiHouseTypeData/poi_village_scenery/prod/picture/2026/202606/20260601/6e964d281faa47ceaba8a08602a303c3.jpg,"2026-06-01 17:44:03"
566706,步步高(郭俊生),"24.65430343169048","99.90350915363955",https://sannongdata.cn/AiHouseTypeData/poi_village_scenery/prod/picture/2026/202606/20260601/77f6f8e03d114690a421005ef0ca03e7.png,"2026-06-01 17:45:43"
566706,步步高(郭俊生),"24.65430343169048","99.90350915363955",https://sannongdata.cn/AiHouseTypeData/poi_village_scenery/prod/picture/2026/202606/20260601/6b1f1f8504df46bba6021f466041f09f.png,"2026-06-01 17:45:44"
566697,古井边的花园(张国凤),"24.638222829802377","99.90972129256993",https://sannongdata.cn/AiHouseTypeData/poi_village_scenery/prod/picture/2026/202606/20260601/71e9ce86775a4f8f807f58479441da60.png,"2026-06-01 17:57:15"
566699,半山居(梅富然),"24.65551698405553","99.89184258024426",https://sannongdata.cn/AiHouseTypeData/poi_village_scenery/prod/picture/2026/202606/20260602/d6d90fc67c614ba4ad8169044f1cee21.png,"2026-06-02 10:13:10"
566741,月桂园(曾培云),"24.653461247207893","99.91010508095987",https://sannongdata.cn/AiHouseTypeData/poi_village_scenery/prod/picture/2026/202606/20260604/079791fc7ad44178a5a452d7a3d70a14.png,"2026-06-04 17:43:28"
566741,月桂园(曾培云),"24.653461247207893","99.91010508095987",https://sannongdata.cn/AiHouseTypeData/poi_village_scenery/prod/picture/2026/202606/20260604/4b08c900282d45d185edfd3ce6e03c04.jpg,"2026-06-04 17:44:53"
566741,月桂园(曾培云),"24.653461247207893","99.91010508095987",https://sannongdata.cn/AiHouseTypeData/poi_village_scenery/prod/picture/2026/202606/20260604/bb26c7a1d12f4d95893e1bd5297e74b7.JPG,"2026-06-04 17:45:00"
566741,月桂园(曾培云),"24.653461247207893","99.91010508095987",https://sannongdata.cn/AiHouseTypeData/poi_village_scenery/prod/picture/2026/202606/20260604/5c4671dc43794e66bab4e345d323e378.JPG,"2026-06-04 17:45:29"
566799,国景花园(张国景),"24.655190558564758","99.91216976718593",https://sannongdata.cn/AiHouseTypeData/poi_village_scenery/prod/picture/2026/202606/20260604/7af291de18074815a71701dc9262ac43.png,"2026-06-04 17:46:41"
568221,淘淘居(彭美),"24.65575095049681","99.91290888402528",https://sannongdata.cn/AiHouseTypeData/poi_village_scenery/prod/picture/2026/202606/20260604/c514a74da508495dbc87efd7c7df4289.png,"2026-06-04 17:47:59"
568221,淘淘居(彭美),"24.65575095049681","99.91290888402528",https://sannongdata.cn/AiHouseTypeData/poi_village_scenery/prod/picture/2026/202606/20260604/f2e8b2711efa4a6db296f2b38e918b7c.JPG,"2026-06-04 17:49:00"
568221,淘淘居(彭美),"24.65575095049681","99.91290888402528",https://sannongdata.cn/AiHouseTypeData/poi_village_scenery/prod/picture/2026/202606/20260604/73ff2d98ca3f4a84951cadb06e2de44c.JPG,"2026-06-04 17:49:08"
568221,淘淘居(彭美),"24.65575095049681","99.91290888402528",https://sannongdata.cn/AiHouseTypeData/poi_village_scenery/prod/picture/2026/202606/20260604/8f96298904434ae493105b1b54f988b7.JPG,"2026-06-04 17:49:18"
568221,淘淘居(彭美),"24.65575095049681","99.91290888402528",https://sannongdata.cn/AiHouseTypeData/poi_village_scenery/prod/picture/2026/202606/20260604/7998b57949214b9b91cdbb51bf646bcf.JPG,"2026-06-04 17:49:35"
568221,淘淘居(彭美),"24.65575095049681","99.91290888402528",https://sannongdata.cn/AiHouseTypeData/poi_village_scenery/prod/picture/2026/202606/20260604/d359658fb3864abb9e31e494a319b25a.JPG,"2026-06-04 17:50:05"
568221,淘淘居(彭美),"24.65575095049681","99.91290888402528",https://sannongdata.cn/AiHouseTypeData/poi_village_scenery/prod/picture/2026/202606/20260604/9b2dfaceb7f04ba2ab62e58b7e0d770e.jpg,"2026-06-04 17:50:18"
568221,淘淘居(彭美),"24.65575095049681","99.91290888402528",https://sannongdata.cn/AiHouseTypeData/poi_village_scenery/prod/picture/2026/202606/20260604/20ac6754299845c7b912d7e91f676a77.JPG,"2026-06-04 17:50:39"
568221,淘淘居(彭美),"24.65575095049681","99.91290888402528",https://sannongdata.cn/AiHouseTypeData/poi_village_scenery/prod/picture/2026/202606/20260604/1becc679d6e54607b24461510cf7aac1.JPG,"2026-06-04 17:51:01"
568221,淘淘居(彭美),"24.65575095049681","99.91290888402528",https://sannongdata.cn/AiHouseTypeData/poi_village_scenery/prod/picture/2026/202606/20260604/c34effa2e2ff44bfb291e4952424c4a7.jpg,"2026-06-04 17:51:18"
568224,小径花园(王文云),"24.658339529406447","99.9129369414867",https://sannongdata.cn/AiHouseTypeData/poi_village_scenery/prod/picture/2026/202606/20260604/1fa9db11774149c99743ddfac8dffaa8.png,"2026-06-04 17:56:00"
568224,小径花园(王文云),"24.658339529406447","99.9129369414867",https://sannongdata.cn/AiHouseTypeData/poi_village_scenery/prod/picture/2026/202606/20260604/cf17e8081fb24d4c8a446ce4e8c1b03d.JPG,"2026-06-04 17:56:29"
568224,小径花园(王文云),"24.658339529406447","99.9129369414867",https://sannongdata.cn/AiHouseTypeData/poi_village_scenery/prod/picture/2026/202606/20260604/5a9df6f5e1574d5c82e51a792f00e998.JPG,"2026-06-04 17:56:38"
568224,小径花园(王文云),"24.658339529406447","99.9129369414867",https://sannongdata.cn/AiHouseTypeData/poi_village_scenery/prod/picture/2026/202606/20260604/d36b03a926374e31a9664288b91ce972.jpg,"2026-06-04 17:57:15"
568224,小径花园(王文云),"24.658339529406447","99.9129369414867",https://sannongdata.cn/AiHouseTypeData/poi_village_scenery/prod/picture/2026/202606/20260604/d5cfaa74036449188ac80ce5b866d6c4.JPG,"2026-06-04 17:57:22"
568224,小径花园(王文云),"24.658339529406447","99.9129369414867",https://sannongdata.cn/AiHouseTypeData/poi_village_scenery/prod/picture/2026/202606/20260604/4ebbe1d4e61e4df28c92cd6225998681.jpg,"2026-06-04 17:57:26"
568223,一览众山小(王文国),"24.658228381660987","99.9124228729214",https://sannongdata.cn/AiHouseTypeData/poi_village_scenery/prod/picture/2026/202606/20260604/e9fa6e8703ce45259691e126bb6dad94.png,"2026-06-04 17:58:21"
568231,三分园(王文虎),"24.65809282409124","99.91281927039198",https://sannongdata.cn/AiHouseTypeData/poi_village_scenery/prod/picture/2026/202606/20260604/8119a1dda3bd455e8282eac50e7a8339.png,"2026-06-04 17:59:08"
566744,桥畔花园(王文绍),"24.657598155028893","99.91262498689039",https://sannongdata.cn/AiHouseTypeData/poi_village_scenery/prod/picture/2026/202606/20260604/c5d1cff94af04f1abbd50717857e1324.png,"2026-06-04 17:59:40"
566744,桥畔花园(王文绍),"24.657598155028893","99.91262498689039",https://sannongdata.cn/AiHouseTypeData/poi_village_scenery/prod/picture/2026/202606/20260604/f4df5fa230f64581b93f735a39f35896.JPG,"2026-06-04 18:00:11"
566744,桥畔花园(王文绍),"24.657598155028893","99.91262498689039",https://sannongdata.cn/AiHouseTypeData/poi_village_scenery/prod/picture/2026/202606/20260604/0385cc82667d4f0987afed534db97d8b.JPG,"2026-06-04 18:00:19"
568232,雨水茶园(王将洪),"24.656580227755143","99.9110489093043",https://sannongdata.cn/AiHouseTypeData/poi_village_scenery/prod/picture/2026/202606/20260604/0ecb8c2525cb43c5b5261665f793b70e.png,"2026-06-04 18:02:33"
568232,雨水茶园(王将洪),"24.656580227755143","99.9110489093043",https://sannongdata.cn/AiHouseTypeData/poi_village_scenery/prod/picture/2026/202606/20260604/2428c1d36d794cb49434fe3e6b38fc8e.JPG,"2026-06-04 18:03:08"
566706,步步高(郭俊生),"24.65430343169048","99.90350915363955",https://sannongdata.cn/AiHouseTypeData/poi_village_scenery/prod/picture/2026/202606/20260604/d0dbad4730784c5586765ae4186db72a.JPG,"2026-06-04 18:04:36"
566706,步步高(郭俊生),"24.65430343169048","99.90350915363955",https://sannongdata.cn/AiHouseTypeData/poi_village_scenery/prod/picture/2026/202606/20260604/7d8301f0345944b9bd5f27c26da80ff9.JPG,"2026-06-04 18:04:43"
566706,步步高(郭俊生),"24.65430343169048","99.90350915363955",https://sannongdata.cn/AiHouseTypeData/poi_village_scenery/prod/picture/2026/202606/20260604/10f3b00745e944238493bc321158d2c7.jpg,"2026-06-04 18:05:36"
566706,步步高(郭俊生),"24.65430343169048","99.90350915363955",https://sannongdata.cn/AiHouseTypeData/poi_village_scenery/prod/picture/2026/202606/20260604/4e283383db24485da93e975aabb4049c.JPG,"2026-06-04 18:05:54"
566706,步步高(郭俊生),"24.65430343169048","99.90350915363955",https://sannongdata.cn/AiHouseTypeData/poi_village_scenery/prod/picture/2026/202606/20260604/5e5f2d42978a4bb7bc11ee6d0eb5f175.JPG,"2026-06-04 18:06:01"
566706,步步高(郭俊生),"24.65430343169048","99.90350915363955",https://sannongdata.cn/AiHouseTypeData/poi_village_scenery/prod/picture/2026/202606/20260604/88b7f4162c2e4a57ac730e7ca223e865.JPG,"2026-06-04 18:07:00"
568229,凝翠丘(郭洪生),"24.65396198953074","99.90478586153014",https://sannongdata.cn/AiHouseTypeData/poi_village_scenery/prod/picture/2026/202606/20260604/1cc3322130114f979e4cffd2c07af46d.png,"2026-06-04 18:07:57"
566737,兰园(孙宗华),"24.637371328271648","99.90984312995009",https://sannongdata.cn/AiHouseTypeData/poi_village_scenery/prod/picture/2026/202606/20260604/a127ce252b37415db767528adc5afd6b.png,"2026-06-04 18:10:49"
566737,兰园(孙宗华),"24.637371328271648","99.90984312995009",https://sannongdata.cn/AiHouseTypeData/poi_village_scenery/prod/picture/2026/202606/20260604/10ad95ab698c454e83906d3783f6dac3.JPG,"2026-06-04 18:11:21"
566737,兰园(孙宗华),"24.637371328271648","99.90984312995009",https://sannongdata.cn/AiHouseTypeData/poi_village_scenery/prod/picture/2026/202606/20260604/e6248a613f1c49799660b70415a82878.png,"2026-06-04 18:11:24"
566698,童稚园(张国宇),"24.637693097692257","99.91148884246252",https://sannongdata.cn/AiHouseTypeData/poi_village_scenery/prod/picture/2026/202606/20260604/21bdfe1b3aeb4cf689b8d69a17a72fbc.jpg,"2026-06-04 18:13:06"
566698,童稚园(张国宇),"24.637693097692257","99.91148884246252",https://sannongdata.cn/AiHouseTypeData/poi_village_scenery/prod/picture/2026/202606/20260604/658be07d333f437f910d85bf1b64c223.jpg,"2026-06-04 18:13:51"
566698,童稚园(张国宇),"24.637693097692257","99.91148884246252",https://sannongdata.cn/AiHouseTypeData/poi_village_scenery/prod/picture/2026/202606/20260604/44cb73ff969e46bb8e99092b93b9e4da.jpg,"2026-06-04 18:14:05"
566700,兄弟心连心(梅师然、梅军然),"24.655742311849508","99.89279123300669",https://sannongdata.cn/AiHouseTypeData/poi_village_scenery/prod/picture/2026/202606/20260604/ba635e5ae51144658f97a128456485b0.JPG,"2026-06-04 18:15:25"
566700,兄弟心连心(梅师然、梅军然),"24.655742311849508","99.89279123300669",https://sannongdata.cn/AiHouseTypeData/poi_village_scenery/prod/picture/2026/202606/20260604/762cd9a516a349349b09b24acd559b71.JPG,"2026-06-04 18:16:01"
566700,兄弟心连心(梅师然、梅军然),"24.655742311849508","99.89279123300669",https://sannongdata.cn/AiHouseTypeData/poi_village_scenery/prod/picture/2026/202606/20260604/ba1d620e639c4f718b7b28a3f387c063.JPG,"2026-06-04 18:16:24"
566738,光辉花园(张建林),"24.63463675332002","99.90572486595315",https://sannongdata.cn/AiHouseTypeData/poi_village_scenery/prod/picture/2026/202606/20260604/8284a4bdf48844df83f0a435431a316c.png,"2026-06-04 18:17:41"
566738,光辉花园(张建林),"24.63463675332002","99.90572486595315",https://sannongdata.cn/AiHouseTypeData/poi_village_scenery/prod/picture/2026/202606/20260604/417852216e1f4c4cacfe0f336d34a628.JPG,"2026-06-04 18:18:02"
566701,高山小药园(梅中红),"24.659468650038054","99.88978634115503",https://sannongdata.cn/AiHouseTypeData/poi_village_scenery/prod/picture/2026/202606/20260604/af19feb0e58447d588a85a9cd7a3faf7.png,"2026-06-04 18:19:20"
566701,高山小药园(梅中红),"24.659468650038054","99.88978634115503",https://sannongdata.cn/AiHouseTypeData/poi_village_scenery/prod/picture/2026/202606/20260604/7f9784fd080543c1930c69776e660565.png,"2026-06-04 18:19:28"
566701,高山小药园(梅中红),"24.659468650038054","99.88978634115503",https://sannongdata.cn/AiHouseTypeData/poi_village_scenery/prod/picture/2026/202606/20260604/000ddf8bf718438c9279c7d636216599.JPG,"2026-06-04 18:19:45"
566701,高山小药园(梅中红),"24.659468650038054","99.88978634115503",https://sannongdata.cn/AiHouseTypeData/poi_village_scenery/prod/picture/2026/202606/20260604/09c6573571044a61aa7c0cf0d9126016.JPG,"2026-06-04 18:20:04"
566701,高山小药园(梅中红),"24.659468650038054","99.88978634115503",https://sannongdata.cn/AiHouseTypeData/poi_village_scenery/prod/picture/2026/202606/20260604/6f0abf44581f478690e18c891db8801d.jpg,"2026-06-04 18:20:13"
566701,高山小药园(梅中红),"24.659468650038054","99.88978634115503",https://sannongdata.cn/AiHouseTypeData/poi_village_scenery/prod/picture/2026/202606/20260604/38a77ec76c0846549e388248186deedc.JPG,"2026-06-04 18:20:36"
566701,高山小药园(梅中红),"24.659468650038054","99.88978634115503",https://sannongdata.cn/AiHouseTypeData/poi_village_scenery/prod/picture/2026/202606/20260604/00cfe1ad92b446ee9f92fbae73594f5b.JPG,"2026-06-04 18:20:45"
566701,高山小药园(梅中红),"24.659468650038054","99.88978634115503",https://sannongdata.cn/AiHouseTypeData/poi_village_scenery/prod/picture/2026/202606/20260604/5b122e6ed2db421c86bd6184b63a005d.JPG,"2026-06-04 18:20:53"
566702,转角花园(范光平),"24.6626703218673","99.90080386717122",https://sannongdata.cn/AiHouseTypeData/poi_village_scenery/prod/picture/2026/202606/20260604/dca06c8e70e14de58881a5ada27df3ec.png,"2026-06-04 18:23:07"
566702,转角花园(范光平),"24.6626703218673","99.90080386717122",https://sannongdata.cn/AiHouseTypeData/poi_village_scenery/prod/picture/2026/202606/20260604/1f665754a9ba4f2992fa57827c3ef170.JPG,"2026-06-04 18:23:28"
566702,转角花园(范光平),"24.6626703218673","99.90080386717122",https://sannongdata.cn/AiHouseTypeData/poi_village_scenery/prod/picture/2026/202606/20260604/098e08f86cc941cbbc51c11cdf3d6260.jpg,"2026-06-04 18:23:45"
566702,转角花园(范光平),"24.6626703218673","99.90080386717122",https://sannongdata.cn/AiHouseTypeData/poi_village_scenery/prod/picture/2026/202606/20260604/aac3261bfaec4a5099122cbca0372074.jpg,"2026-06-04 18:23:56"
566702,转角花园(范光平),"24.6626703218673","99.90080386717122",https://sannongdata.cn/AiHouseTypeData/poi_village_scenery/prod/picture/2026/202606/20260604/23c0f00d579c4021aabfc65a0a7b9988.jpg,"2026-06-04 18:24:05"
566702,转角花园(范光平),"24.6626703218673","99.90080386717122",https://sannongdata.cn/AiHouseTypeData/poi_village_scenery/prod/picture/2026/202606/20260604/216d5e00478741c8ab50bfe140d3e608.JPEG,"2026-06-04 18:24:35"
566702,转角花园(范光平),"24.6626703218673","99.90080386717122",https://sannongdata.cn/AiHouseTypeData/poi_village_scenery/prod/picture/2026/202606/20260604/4885d5cab0d94c2e90eb66556836271d.jpg,"2026-06-04 18:24:45"
568230,云端花园(郭朝平),"24.676508811032882","99.89132611242147",https://sannongdata.cn/AiHouseTypeData/poi_village_scenery/prod/picture/2026/202606/20260604/4ccc4faebffb44f09493c81c52bdaba6.png,"2026-06-04 18:25:30"
568227,奇花园(白王林),"24.66775280527967","99.9090266271207",https://sannongdata.cn/AiHouseTypeData/poi_village_scenery/prod/picture/2026/202606/20260604/aa8c024d8f854b6cb66f5fe6eac13e70.png,"2026-06-04 18:26:05"
568227,奇花园(白王林),"24.66775280527967","99.9090266271207",https://sannongdata.cn/AiHouseTypeData/poi_village_scenery/prod/picture/2026/202606/20260604/8e5b18ff011147e19ea548a81ba0bf27.JPG,"2026-06-04 18:26:15"
568192,马大姐花园(马顺香),"24.63770802584629","99.90935424266803",https://sannongdata.cn/AiHouseTypeData/poi_village_scenery/prod/picture/2026/202606/20260604/2733bbcd36784616b1c5a7478e0ef74c.JPG,"2026-06-04 18:27:10"
568192,马大姐花园(马顺香),"24.63770802584629","99.90935424266803",https://sannongdata.cn/AiHouseTypeData/poi_village_scenery/prod/picture/2026/202606/20260604/b6d70926dc1147a391b026796e9a3ba0.JPG,"2026-06-04 18:27:22"
568192,马大姐花园(马顺香),"24.63770802584629","99.90935424266803",https://sannongdata.cn/AiHouseTypeData/poi_village_scenery/prod/picture/2026/202606/20260604/43d6895aeabf430abc24ecf850c42d05.JPG,"2026-06-04 18:27:35"
568192,马大姐花园(马顺香),"24.63770802584629","99.90935424266803",https://sannongdata.cn/AiHouseTypeData/poi_village_scenery/prod/picture/2026/202606/20260604/a7ca7b4f887748abbbe0699c8209fdb2.JPG,"2026-06-04 18:28:12"
568228,颐老园(梅银然),"24.65506850534487","99.89231537262907",https://sannongdata.cn/AiHouseTypeData/poi_village_scenery/prod/picture/2026/202606/20260604/0bc9a9f538584904ba41a933c05f7e59.png,"2026-06-04 18:28:41"
568228,颐老园(梅银然),"24.65506850534487","99.89231537262907",https://sannongdata.cn/AiHouseTypeData/poi_village_scenery/prod/picture/2026/202606/20260604/32c19fd13d9c4d21a8680b4bf86e74a3.jpg,"2026-06-04 18:29:13"
568228,颐老园(梅银然),"24.65506850534487","99.89231537262907",https://sannongdata.cn/AiHouseTypeData/poi_village_scenery/prod/picture/2026/202606/20260604/140ad6d5e17e4cd387096d8abb3ee989.jpg,"2026-06-04 18:29:18"
568228,颐老园(梅银然),"24.65506850534487","99.89231537262907",https://sannongdata.cn/AiHouseTypeData/poi_village_scenery/prod/picture/2026/202606/20260604/6f76c6f4623f45bf9aa6b0db3327a091.jpg,"2026-06-04 18:29:27"
568228,颐老园(梅银然),"24.65506850534487","99.89231537262907",https://sannongdata.cn/AiHouseTypeData/poi_village_scenery/prod/picture/2026/202606/20260604/027178c146cf4cd58f4c882a15f6ed02.jpg,"2026-06-04 18:29:34"
566696,渔庄农家乐(张伟),"24.63817546895585","99.90914009070089",https://sannongdata.cn/AiHouseTypeData/poi_village_scenery/prod/picture/2026/202606/20260604/43173f53fa654090a7a6b45b90f5ca6b.JPG,"2026-06-04 18:31:04"
566696,渔庄农家乐(张伟),"24.63817546895585","99.90914009070089",https://sannongdata.cn/AiHouseTypeData/poi_village_scenery/prod/picture/2026/202606/20260604/46a3ee23640e4171b440be133735b26d.JPG,"2026-06-04 18:31:27"
566696,渔庄农家乐(张伟),"24.63817546895585","99.90914009070089",https://sannongdata.cn/AiHouseTypeData/poi_village_scenery/prod/picture/2026/202606/20260604/0952e8d1eca44ed497de82e493579540.JPG,"2026-06-04 18:31:46"
566696,渔庄农家乐(张伟),"24.63817546895585","99.90914009070089",https://sannongdata.cn/AiHouseTypeData/poi_village_scenery/prod/picture/2026/202606/20260604/cb1f6dd0913940058027c60169255201.jpg,"2026-06-04 18:31:58"
566696,渔庄农家乐(张伟),"24.63817546895585","99.90914009070089",https://sannongdata.cn/AiHouseTypeData/poi_village_scenery/prod/picture/2026/202606/20260604/8cc74c9366ee49e7a70c05a00c038d7d.jpg,"2026-06-04 18:32:12"
566696,渔庄农家乐(张伟),"24.63817546895585","99.90914009070089",https://sannongdata.cn/AiHouseTypeData/poi_village_scenery/prod/picture/2026/202606/20260604/4bfa209316ca4618bac9b37aa7615823.png,"2026-06-04 18:32:34"
566696,渔庄农家乐(张伟),"24.63817546895585","99.90914009070089",https://sannongdata.cn/AiHouseTypeData/poi_village_scenery/prod/picture/2026/202606/20260604/1abaaf7d7fcc4d35a247d9ce904df7f0.jpg,"2026-06-04 18:32:39"
566745,云中歌(张中云),"24.65727636180084","99.91359888725964",https://sannongdata.cn/AiHouseTypeData/poi_village_scenery/prod/picture/2026/202606/20260616/ccbe7288038a45a59746e0e5a8ec184f.jpg,"2026-06-16 23:19:06"
568283,郭医生的小药园（郭卫）,"24.656880600645","99.90904702249195",https://sannongdata.cn/AiHouseTypeData/poi_village_scenery/prod/picture/2026/202606/20260616/bf4e17b6506c4e3b9631017ebc1e2020.jpg,"2026-06-16 23:20:02"
568283,郭医生的小药园（郭卫）,"24.656880600645","99.90904702249195",https://sannongdata.cn/AiHouseTypeData/poi_village_scenery/prod/picture/2026/202606/20260616/32c00d42170a4b7eb5c03263b595b795.jpg,"2026-06-16 23:20:03"
568283,郭医生的小药园（郭卫）,"24.656880600645","99.90904702249195",https://sannongdata.cn/AiHouseTypeData/poi_village_scenery/prod/picture/2026/202606/20260616/f8d2e9843416433698753d60aa5bcdae.png,"2026-06-16 23:20:04"
568283,郭医生的小药园（郭卫）,"24.656880600645","99.90904702249195",https://sannongdata.cn/AiHouseTypeData/poi_village_scenery/prod/picture/2026/202606/20260616/f444117de2794597871d708175e770ea.jpg,"2026-06-16 23:23:19"
568283,郭医生的小药园（郭卫）,"24.656880600645","99.90904702249195",https://sannongdata.cn/AiHouseTypeData/poi_village_scenery/prod/picture/2026/202606/20260616/24aeba3408ec4970b67f81a0c749a563.jpg,"2026-06-16 23:23:21"
568283,郭医生的小药园（郭卫）,"24.656880600645","99.90904702249195",https://sannongdata.cn/AiHouseTypeData/poi_village_scenery/prod/picture/2026/202606/20260616/e300570e04c44eb087c93f0d2ced1fd0.jpg,"2026-06-16 23:23:22"
568283,郭医生的小药园（郭卫）,"24.656880600645","99.90904702249195",https://sannongdata.cn/AiHouseTypeData/poi_village_scenery/prod/picture/2026/202606/20260616/3b6b0801cde34823b32c8782e43756cb.jpg,"2026-06-16 23:23:24"
568283,郭医生的小药园（郭卫）,"24.656880600645","99.90904702249195",https://sannongdata.cn/AiHouseTypeData/poi_village_scenery/prod/picture/2026/202606/20260616/83c81299d4f34adeb80344648317f25e.jpg,"2026-06-16 23:23:25"
568251,老家小院(张国明）,"24.63726734627609","99.90807772149233",https://sannongdata.cn/AiHouseTypeData/poi_village_scenery/prod/picture/2026/202606/20260616/2b9dd18ffc2f401e88afeb36c988192b.jpg,"2026-06-16 23:24:48"
568251,老家小院(张国明）,"24.63726734627609","99.90807772149233",https://sannongdata.cn/AiHouseTypeData/poi_village_scenery/prod/picture/2026/202606/20260616/4d64c464c9754fab89a3272fe2d37644.jpg,"2026-06-16 23:24:48"
568251,老家小院(张国明）,"24.63726734627609","99.90807772149233",https://sannongdata.cn/AiHouseTypeData/poi_village_scenery/prod/picture/2026/202606/20260616/7493413479f34bb581b8dd1ed423267d.jpg,"2026-06-16 23:24:48"
568251,老家小院(张国明）,"24.63726734627609","99.90807772149233",https://sannongdata.cn/AiHouseTypeData/poi_village_scenery/prod/picture/2026/202606/20260616/386f5caa927a41ee8e15dd087705bc54.jpg,"2026-06-16 23:24:48"
568251,老家小院(张国明）,"24.63726734627609","99.90807772149233",https://sannongdata.cn/AiHouseTypeData/poi_village_scenery/prod/picture/2026/202606/20260616/17efd39a8f9e478cbc803becd8377454.jpg,"2026-06-16 23:24:49"
568251,老家小院(张国明）,"24.63726734627609","99.90807772149233",https://sannongdata.cn/AiHouseTypeData/poi_village_scenery/prod/picture/2026/202606/20260616/a35fcecdf7114ffba0e51f8dd6e4f12c.jpg,"2026-06-16 23:24:49"
568251,老家小院(张国明）,"24.63726734627609","99.90807772149233",https://sannongdata.cn/AiHouseTypeData/poi_village_scenery/prod/picture/2026/202606/20260616/e07109ca17dc4e60bc365f47c38f21f2.jpg,"2026-06-16 23:24:49"
568251,老家小院(张国明）,"24.63726734627609","99.90807772149233",https://sannongdata.cn/AiHouseTypeData/poi_village_scenery/prod/picture/2026/202606/20260616/293a7c0a8ba94b918d39e60350308470.jpg,"2026-06-16 23:24:49"
568251,老家小院(张国明）,"24.63726734627609","99.90807772149233",https://sannongdata.cn/AiHouseTypeData/poi_village_scenery/prod/picture/2026/202606/20260616/be9ea69b821e48d2a06d7c43f81a7190.jpg,"2026-06-16 23:24:50"
568251,老家小院(张国明）,"24.63726734627609","99.90807772149233",https://sannongdata.cn/AiHouseTypeData/poi_village_scenery/prod/picture/2026/202606/20260616/d167f050b92347128b4c4612de4232d6.jpg,"2026-06-16 23:24:51"
568251,老家小院(张国明）,"24.63726734627609","99.90807772149233",https://sannongdata.cn/AiHouseTypeData/poi_village_scenery/prod/picture/2026/202606/20260616/193408c68ea64d58853491aab9ee188f.jpg,"2026-06-16 23:24:53"
568251,老家小院(张国明）,"24.63726734627609","99.90807772149233",https://sannongdata.cn/AiHouseTypeData/poi_village_scenery/prod/picture/2026/202606/20260616/991489a1d0084a27ac98998be77ddce4.jpg,"2026-06-16 23:24:54"
566741,月桂园(曾培云),"24.653461247207893","99.91010508095987",https://sannongdata.cn/AiHouseTypeData/poi_village_scenery/prod/picture/2026/202606/20260616/6a0be3c9c72340adb2d955aac534acf1.jpg,"2026-06-16 23:27:41"
566695,白宫花园(杨光连),"24.637972206619285","99.90944742048752",https://sannongdata.cn/AiHouseTypeData/poi_village_scenery/prod/picture/2026/202606/20260616/2f4bedf7f1fc4c65b3f093bc6f786246.jpg,"2026-06-16 23:29:12"
566695,白宫花园(杨光连),"24.637972206619285","99.90944742048752",https://sannongdata.cn/AiHouseTypeData/poi_village_scenery/prod/picture/2026/202606/20260616/02decd0749d04d9692be048e04a96a5b.jpg,"2026-06-16 23:29:13"
566695,白宫花园(杨光连),"24.637972206619285","99.90944742048752",https://sannongdata.cn/AiHouseTypeData/poi_village_scenery/prod/picture/2026/202606/20260616/620bbb9c2bfb4f8c929ee6eb331cd159.jpg,"2026-06-16 23:29:15"
566695,白宫花园(杨光连),"24.637972206619285","99.90944742048752",https://sannongdata.cn/AiHouseTypeData/poi_village_scenery/prod/picture/2026/202606/20260616/3906ce3a26174c84849f2609e41fbec7.jpg,"2026-06-16 23:29:16"
566695,白宫花园(杨光连),"24.637972206619285","99.90944742048752",https://sannongdata.cn/AiHouseTypeData/poi_village_scenery/prod/picture/2026/202606/20260616/6cb072a4fcc341169e756f0bbdd769b2.jpg,"2026-06-16 23:29:17"
566695,白宫花园(杨光连),"24.637972206619285","99.90944742048752",https://sannongdata.cn/AiHouseTypeData/poi_village_scenery/prod/picture/2026/202606/20260616/a9882d2c347c4c28a80278cee31d7bf1.jpg,"2026-06-16 23:29:18"
566695,白宫花园(杨光连),"24.637972206619285","99.90944742048752",https://sannongdata.cn/AiHouseTypeData/poi_village_scenery/prod/picture/2026/202606/20260616/17582b3ee4a24364bc241261024009ac.jpg,"2026-06-16 23:29:19"
566695,白宫花园(杨光连),"24.637972206619285","99.90944742048752",https://sannongdata.cn/AiHouseTypeData/poi_village_scenery/prod/picture/2026/202606/20260616/1680d643beee42ddbbd3d6faeb15ca06.jpg,"2026-06-16 23:29:20"
566695,白宫花园(杨光连),"24.637972206619285","99.90944742048752",https://sannongdata.cn/AiHouseTypeData/poi_village_scenery/prod/picture/2026/202606/20260616/1738cdc6686d416e9d516dacf24bdae9.jpg,"2026-06-16 23:29:22"
566695,白宫花园(杨光连),"24.637972206619285","99.90944742048752",https://sannongdata.cn/AiHouseTypeData/poi_village_scenery/prod/picture/2026/202606/20260616/93ae8a99ffc2446b832c1c7b6cf0e835.jpg,"2026-06-16 23:29:23"
566695,白宫花园(杨光连),"24.637972206619285","99.90944742048752",https://sannongdata.cn/AiHouseTypeData/poi_village_scenery/prod/picture/2026/202606/20260616/75fe6a02d14d42eea0611817cef8518b.jpg,"2026-06-16 23:29:23"
566695,白宫花园(杨光连),"24.637972206619285","99.90944742048752",https://sannongdata.cn/AiHouseTypeData/poi_village_scenery/prod/picture/2026/202606/20260616/9fb6f94493804a72986b4b06972b7f43.jpg,"2026-06-16 23:29:23"
566743,柿子树下(王文富),"24.65799707343249","99.91313092321239",https://sannongdata.cn/AiHouseTypeData/poi_village_scenery/prod/picture/2026/202606/20260616/d519468ed6c1490886dda34276956474.png,"2026-06-16 23:33:26"
566698,童稚园(张国宇),"24.637693097692257","99.91148884246252",https://sannongdata.cn/AiHouseTypeData/poi_village_scenery/prod/picture/2026/202606/20260616/d449888f1e294796849b6e92590ccb21.jpg,"2026-06-16 23:37:37"
566698,童稚园(张国宇),"24.637693097692257","99.91148884246252",https://sannongdata.cn/AiHouseTypeData/poi_village_scenery/prod/picture/2026/202606/20260616/4a0cd9f9b58e41f199b3567afff15c0e.jpg,"2026-06-16 23:37:39"
566698,童稚园(张国宇),"24.637693097692257","99.91148884246252",https://sannongdata.cn/AiHouseTypeData/poi_village_scenery/prod/picture/2026/202606/20260616/98ef2dd0e88f4149b658e00a3c6057f6.jpg,"2026-06-16 23:37:40"
566698,童稚园(张国宇),"24.637693097692257","99.91148884246252",https://sannongdata.cn/AiHouseTypeData/poi_village_scenery/prod/picture/2026/202606/20260616/a1d993e12c864615b2cf5b6f2a507601.jpg,"2026-06-16 23:37:42"
566698,童稚园(张国宇),"24.637693097692257","99.91148884246252",https://sannongdata.cn/AiHouseTypeData/poi_village_scenery/prod/picture/2026/202606/20260616/a1b0f736764a4645a042135808811ee0.jpg,"2026-06-16 23:37:43"
566698,童稚园(张国宇),"24.637693097692257","99.91148884246252",https://sannongdata.cn/AiHouseTypeData/poi_village_scenery/prod/picture/2026/202606/20260616/d9ff7707739445acbd1b7ba4042ebc59.jpg,"2026-06-16 23:37:44"
566698,童稚园(张国宇),"24.637693097692257","99.91148884246252",https://sannongdata.cn/AiHouseTypeData/poi_village_scenery/prod/picture/2026/202606/20260616/6466bdfcdf6b45bca9b520d08ab51acf.jpg,"2026-06-16 23:37:46"
566698,童稚园(张国宇),"24.637693097692257","99.91148884246252",https://sannongdata.cn/AiHouseTypeData/poi_village_scenery/prod/picture/2026/202606/20260616/0c3da51a9f4c41b187bca3bf4c215bec.jpg,"2026-06-16 23:37:47"
566698,童稚园(张国宇),"24.637693097692257","99.91148884246252",https://sannongdata.cn/AiHouseTypeData/poi_village_scenery/prod/picture/2026/202606/20260616/e72cf14228144c66bfe986405c8b388d.jpg,"2026-06-16 23:37:49"
566698,童稚园(张国宇),"24.637693097692257","99.91148884246252",https://sannongdata.cn/AiHouseTypeData/poi_village_scenery/prod/picture/2026/202606/20260616/10d091917d534aa0ab5ca9497f35a1a1.jpg,"2026-06-16 23:37:51"
566698,童稚园(张国宇),"24.637693097692257","99.91148884246252",https://sannongdata.cn/AiHouseTypeData/poi_village_scenery/prod/picture/2026/202606/20260616/4f7d3ccde9454cb38fc9bae62f1e541e.jpg,"2026-06-16 23:37:52"
566698,童稚园(张国宇),"24.637693097692257","99.91148884246252",https://sannongdata.cn/AiHouseTypeData/poi_village_scenery/prod/picture/2026/202606/20260616/30ed73feaaf44931acd074d6e016821b.jpg,"2026-06-16 23:37:52"
566744,桥畔花园(王文绍),"24.657598155028893","99.91262498689039",https://sannongdata.cn/AiHouseTypeData/poi_village_scenery/prod/picture/2026/202606/20260616/cd1e9b3c7f2d479e92dc20040a208393.jpg,"2026-06-16 23:39:20"
566744,桥畔花园(王文绍),"24.657598155028893","99.91262498689039",https://sannongdata.cn/AiHouseTypeData/poi_village_scenery/prod/picture/2026/202606/20260616/135ab450bcd64a6b92befe3c81ad06e9.jpg,"2026-06-16 23:39:45"
566744,桥畔花园(王文绍),"24.657598155028893","99.91262498689039",https://sannongdata.cn/AiHouseTypeData/poi_village_scenery/prod/picture/2026/202606/20260616/6e6bab8d544b44de85659e10987e2926.jpg,"2026-06-16 23:39:57"
568192,马大姐花园(马顺香),"24.63770802584629","99.90935424266803",https://sannongdata.cn/AiHouseTypeData/poi_village_scenery/prod/picture/2026/202606/20260616/fac1577a20794e5e87a49be2cbdd9082.jpg,"2026-06-16 23:43:58"
568192,马大姐花园(马顺香),"24.63770802584629","99.90935424266803",https://sannongdata.cn/AiHouseTypeData/poi_village_scenery/prod/picture/2026/202606/20260616/9db4232c7db34c988d83d890817721d9.jpg,"2026-06-16 23:44:00"
568192,马大姐花园(马顺香),"24.63770802584629","99.90935424266803",https://sannongdata.cn/AiHouseTypeData/poi_village_scenery/prod/picture/2026/202606/20260616/02854aa6509845b4b08645acc5005069.jpg,"2026-06-16 23:44:01"
568192,马大姐花园(马顺香),"24.63770802584629","99.90935424266803",https://sannongdata.cn/AiHouseTypeData/poi_village_scenery/prod/picture/2026/202606/20260616/d1ff4fd5148540b5b51d0933f350c022.jpg,"2026-06-16 23:44:03"
568192,马大姐花园(马顺香),"24.63770802584629","99.90935424266803",https://sannongdata.cn/AiHouseTypeData/poi_village_scenery/prod/picture/2026/202606/20260616/15301c87767044a88137240fd85cfae4.jpg,"2026-06-16 23:44:04"
568192,马大姐花园(马顺香),"24.63770802584629","99.90935424266803",https://sannongdata.cn/AiHouseTypeData/poi_village_scenery/prod/picture/2026/202606/20260616/3335571590084dacb4a02ebd4e5147ad.jpg,"2026-06-16 23:44:05"
568192,马大姐花园(马顺香),"24.63770802584629","99.90935424266803",https://sannongdata.cn/AiHouseTypeData/poi_village_scenery/prod/picture/2026/202606/20260616/0b6744fae6654b859839fba4918d2134.jpg,"2026-06-16 23:44:07"
566695,白宫花园(杨光连),"24.637972206619285","99.90944742048752",https://sannongdata.cn/AiHouseTypeData/poi_village_scenery/prod/picture/2026/202606/20260616/ad26dcd9838d434b92293f6b0a1b9380.jpg,"2026-06-16 23:45:23"
566745,云中歌(张中云),"24.65727636180084","99.91359888725964",https://sannongdata.cn/AiHouseTypeData/poi_village_scenery/prod/picture/2026/202606/20260616/8ccc5fd0be6145c487b4120a1ea9a011.jpg,"2026-06-16 23:49:53"
566697,古井边的花园(张国凤),"24.638222829802377","99.90972129256993",https://sannongdata.cn/AiHouseTypeData/poi_village_scenery/prod/picture/2026/202606/20260616/c63b4220451046cea1f0899336805c52.png,"2026-06-16 23:51:06"
566697,古井边的花园(张国凤),"24.638222829802377","99.90972129256993",https://sannongdata.cn/AiHouseTypeData/poi_village_scenery/prod/picture/2026/202606/20260616/55305874a7a74efd8322ca325c08eede.png,"2026-06-16 23:51:06"
566697,古井边的花园(张国凤),"24.638222829802377","99.90972129256993",https://sannongdata.cn/AiHouseTypeData/poi_village_scenery/prod/picture/2026/202606/20260616/8b15d7a1826743a08146e1503b28f7c8.png,"2026-06-16 23:51:07"
566697,古井边的花园(张国凤),"24.638222829802377","99.90972129256993",https://sannongdata.cn/AiHouseTypeData/poi_village_scenery/prod/picture/2026/202606/20260616/63f7a726e5f344e8813dfb176273f1f9.png,"2026-06-16 23:51:07"
566697,古井边的花园(张国凤),"24.638222829802377","99.90972129256993",https://sannongdata.cn/AiHouseTypeData/poi_village_scenery/prod/picture/2026/202606/20260616/5f224e1d1a2146539641687172a3f1a3.png,"2026-06-16 23:51:07"
566697,古井边的花园(张国凤),"24.638222829802377","99.90972129256993",https://sannongdata.cn/AiHouseTypeData/poi_village_scenery/prod/picture/2026/202606/20260616/2ca1ce1a2db44fbc9424b5264b57f30f.png,"2026-06-16 23:51:08"
566697,古井边的花园(张国凤),"24.638222829802377","99.90972129256993",https://sannongdata.cn/AiHouseTypeData/poi_village_scenery/prod/picture/2026/202606/20260616/02d0ef4cb7d74c66ac22179b09e71828.png,"2026-06-16 23:51:08"
566697,古井边的花园(张国凤),"24.638222829802377","99.90972129256993",https://sannongdata.cn/AiHouseTypeData/poi_village_scenery/prod/picture/2026/202606/20260616/2a8635150dbd4a2092e8b84131701b18.png,"2026-06-16 23:51:09"
568284,共建友谊花园,"24.65563965999861","99.90255071907934",https://sannongdata.cn/AiHouseTypeData/poi_village_scenery/prod/picture/2026/202606/20260617/f64b1484f6d349adbab4ef85b5c161bf.jpg,"2026-06-17 00:04:24"
568284,共建友谊花园,"24.65563965999861","99.90255071907934",https://sannongdata.cn/AiHouseTypeData/poi_village_scenery/prod/picture/2026/202606/20260617/943d32edcc89423d870a23462475b98b.jpg,"2026-06-17 00:05:04"
568284,共建友谊花园,"24.65563965999861","99.90255071907934",https://sannongdata.cn/AiHouseTypeData/poi_village_scenery/prod/picture/2026/202606/20260617/ac2962b611304ddbbcb430f80456ea2e.jpg,"2026-06-17 00:05:30"
568284,共建友谊花园,"24.65563965999861","99.90255071907934",https://sannongdata.cn/AiHouseTypeData/poi_village_scenery/prod/picture/2026/202606/20260617/2fae4b98b1604b06837af2af563fa92b.jpg,"2026-06-17 00:05:40"
568284,共建友谊花园,"24.65563965999861","99.90255071907934",https://sannongdata.cn/AiHouseTypeData/poi_village_scenery/prod/picture/2026/202606/20260617/949d6e84d71a40ce8d72049646af5b34.jpg,"2026-06-17 00:07:35"
568284,共建友谊花园,"24.65563965999861","99.90255071907934",https://sannongdata.cn/AiHouseTypeData/poi_village_scenery/prod/picture/2026/202606/20260617/ca973d2d705a4c7389a8eb8133aa1603.jpg,"2026-06-17 00:08:06"
568284,共建友谊花园,"24.65563965999861","99.90255071907934",https://sannongdata.cn/AiHouseTypeData/poi_village_scenery/prod/picture/2026/202606/20260617/5969dd15c01c4658949f2d7fbc9b44d8.jpg,"2026-06-17 00:08:07"
568284,共建友谊花园,"24.65563965999861","99.90255071907934",https://sannongdata.cn/AiHouseTypeData/poi_village_scenery/prod/picture/2026/202606/20260617/5fe804ceb0594bb7921b70ce36e68518.jpg,"2026-06-17 00:08:46"
566706,步步高(郭俊生),"24.65430343169048","99.90350915363955",https://sannongdata.cn/AiHouseTypeData/poi_village_scenery/prod/picture/2026/202606/20260617/adb3747e2c174e6e8493928f83d1ef96.jpg,"2026-06-17 16:55:03"
